ID,Books
1095_21,97
1095_22,100
1095_23,100
1095_24,100
1095_25,102
1095_26,100
1095_27,101
1095_28,100
1095_29,103
1095_30,101
1095_31,100
1095_32,100
1095_33,101
1095_34,101
1095_35,100
1095_36,98
1095_37,101
1095_38,99
1095_39,101
1095_40,101
1095_41,98
1095_42,101
1095_43,99
1095_44,100
1095_45,101
1095_46,100
1095_47,98
1095_48,100
1095_49,103
1095_50,99
1095_51,99
1095_52,102
1095_53,103
1095_54,101
1095_55,102
1095_56,99
1095_57,100
1095_58,102
1095_59,100
1095_60,100
1095_61,103
1095_62,99
1095_63,99
1095_64,102
1095_65,100
1095_66,100
1095_67,98
1095_68,99
1095_69,101
1095_70,99
1095_71,106
1095_72,101
1095_73,100
1095_74,99
1095_75,100
1095_76,101
1095_77,102
1095_78,98
1095_79,100
1095_80,99
1095_81,99
1095_82,101
1095_83,99
1095_84,96
1095_85,98
1095_86,99
1095_87,101
1095_88,102
1095_89,103
1095_90,100
1095_91,98
1095_92,99
1095_93,102
1095_94,101
1095_95,102
1095_96,100
1095_97,99
1095_98,100
1095_99,98
1095_100,102
1095_101,100
1095_102,100
1095_103,99
1095_104,101
1095_105,99
1095_106,101
1095_107,101
1095_108,99
1095_109,101
1095_110,99
1095_111,100
1095_112,102
1095_113,99
1095_114,100
1095_115,101
1095_116,102
1095_117,101
1095_118,99
1095_119,101
1095_120,100
1095_121,103
1095_122,97
1095_123,102
1095_124,101
1095_125,98
1095_126,101
1095_127,101
1095_128,101
1095_129,99
1095_130,102
1095_131,100
1095_132,102
1095_133,100
1095_134,100
1095_135,100
1095_136,100
1095_137,100
1095_138,100
1095_139,101
1095_140,102
1095_141,99
1095_142,100
1095_143,102
1095_144,100
1095_145,101
1095_146,99
1095_147,101
1095_148,99
1095_149,102
1095_150,103
1095_151,99
1095_152,101
1095_153,99
1095_154,98
1095_155,100
1095_156,103
1095_157,98
1095_158,98
1095_159,99
1095_160,101
1095_161,99
1095_162,101
1095_163,100
1095_164,100
1095_165,99
1095_166,99
1095_167,98
1095_168,103
1095_169,97
1095_170,98
1095_171,101
1095_172,101
1095_173,103
1095_174,101
1095_175,99
1095_176,100
1095_177,98
1095_178,101
1095_179,100
1095_180,101
1095_181,100
1095_182,100
1095_183,102
1095_184,100
1095_185,100
1095_186,101
1095_187,98
1095_188,98
1095_189,101
1095_190,100
1095_191,100
1095_192,100
1095_193,101
1095_194,101
1095_195,103
1095_196,99
1095_197,98
1095_198,100
1095_199,97
1095_200,100
1095_201,99
1095_202,99
1095_203,100
1095_204,102
1095_205,98
1095_206,98
1095_207,100
1095_208,101
1095_209,98
1095_210,101
1095_211,101
1095_212,101
1095_213,99
1095_214,100
1095_215,103
1095_216,100
1095_217,100
1095_218,100
1095_219,100
1095_220,97
1095_221,103
1095_222,102
1095_223,100
1095_224,100
1095_225,98
1095_226,98
1095_227,101
1095_228,101
1095_229,99
1095_230,98
1095_231,103
1095_232,102
1095_233,99
1095_234,103
1095_235,100
1095_236,99
1095_237,100
1095_238,100
1095_239,97
1095_240,101
1095_241,100
1095_242,100
1095_243,100
1095_244,100
1095_245,100
1095_246,102
1095_247,102
1095_248,101
1095_249,99
1095_250,99
1095_251,100
1095_252,102
1095_253,98
1095_254,98
1095_255,98
1095_256,99
1095_257,98
1095_258,101
1095_259,101
1095_260,99
1095_261,97
1095_262,100
1095_263,97
1095_264,98
1095_265,96
1095_266,101
1095_267,101
1095_268,99
1095_269,100
1095_270,100
1095_271,99
1095_272,100
1095_273,104
1095_274,103
1095_275,99
1095_276,98
1095_277,99
1095_278,100
1095_279,97
1095_280,100
1095_281,100
1095_282,100
1095_283,102
1095_284,100
1095_285,101
1095_286,100
1095_287,100
1095_288,102
1095_289,101
1095_290,103
1095_291,99
1095_292,98
1095_293,97
1095_294,100
1095_295,102
1095_296,97
1095_297,101
1095_298,102
1095_299,97
1095_300,103
1095_301,100
1095_302,103
1095_303,100
1095_304,100
1095_305,100
1095_306,101
1095_307,99
1095_308,102
1095_309,99
1095_310,102
1095_311,101
1095_312,99
1095_313,100
1095_314,101
1095_315,102
1095_316,103
1095_317,102
1095_318,101
1095_319,102
1095_320,98
1095_321,99
1095_322,100
1095_323,101
1095_324,102
1095_325,100
1095_326,99
1095_327,103
1095_328,101
1095_329,100
1095_330,100
1095_331,103
1095_332,101
1095_333,100
1095_334,102
1095_335,98
1095_336,101
1095_337,100
1095_338,99
1095_339,102
1095_340,102
1095_341,101
1095_342,100
1095_343,99
1095_344,101
1095_345,100
1095_346,100
1095_347,101
1095_348,100
1095_349,100
1095_350,97
1095_351,99
1095_352,99
1095_353,99
1095_354,100
1095_355,101
1095_356,100
1095_357,99
1095_358,100
1095_359,98
1095_360,100
1095_361,98
1095_362,99
1095_363,101
1095_364,100
1095_365,102
1095_366,98
1095_367,101
1095_368,103
1095_369,100
1095_370,101
1095_371,100
1095_372,100
1095_373,100
1095_374,98
1095_375,100
1095_376,100
1095_377,101
1095_378,97
1095_379,102
1095_380,100
1095_381,101
1095_382,100
1095_383,101
1095_384,99
1095_385,103
1095_386,100
1095_387,101
1095_388,101
1095_389,102
1095_390,101
1095_391,100
1095_392,101
1095_393,99
1095_394,97
1095_395,102
1095_396,102
1095_397,100
1095_398,102
1095_399,100
1095_400,98
1095_401,100
1095_402,99
1095_403,100
1095_404,96
1095_405,102
1095_406,100
1095_407,102
1095_408,99
1095_409,100
1095_410,102
1095_411,97
1095_412,103
1095_413,99
1095_414,101
1095_415,98
1095_416,99
1095_417,100
1095_418,98
1095_419,103
1095_420,97
1095_421,101
1095_422,100
1095_423,99
1095_424,102
1095_425,98
1095_426,101
1095_427,102
1095_428,102
1095_429,100
1095_430,102
1095_431,98
1095_432,99
1095_433,101
1095_434,99
1095_435,98
1095_436,102
1095_437,100
1095_438,101
1095_439,101
1095_440,97
1095_441,98
1095_442,100
1095_443,101
1095_444,103
1095_445,100
1095_446,99
1095_447,100
1095_448,98
1095_449,101
1095_450,101
1095_451,99
1095_452,101
1095_453,100
1095_454,100
1095_455,99
1095_456,104
1095_457,97
1095_458,100
1095_459,99
1095_460,101
1095_461,100
1095_462,99
1095_463,100
1095_464,103
1095_465,103
1095_466,96
1095_467,99
1095_468,98
1095_469,101
1095_470,101
1095_471,100
1095_472,97
1095_473,101
1095_474,101
1095_475,101
1095_476,101
1095_477,102
1095_478,100
1095_479,102
1095_480,101
1095_481,100
1095_482,101
1095_483,99
1095_484,103
1095_485,100
1095_486,100
1095_487,99
1095_488,100
1095_489,103
1095_490,101
1095_491,100
1095_492,99
1095_493,100
1095_494,103
1095_495,99
1095_496,100
1095_497,101
1095_498,100
1095_499,99
1095_500,101
1095_501,96
1095_502,100
1095_503,100
1095_504,101
1095_505,100
1095_506,97
1095_507,101
1095_508,102
1095_509,100
1095_510,100
1095_511,100
1095_512,102
1095_513,101
1095_514,99
1095_515,101
1095_516,101
1095_517,101
1095_518,100
1095_519,100
1095_520,102
1095_521,100
1095_522,99
1095_523,99
1095_524,103
1095_525,104
1095_526,101
1095_527,100
1095_528,101
1095_529,100
1095_530,101
1095_531,102
1095_532,100
1095_533,98
1095_534,99
1095_535,99
1095_536,99
1095_537,99
1095_538,101
1095_539,101
1095_540,99
1095_541,99
1095_542,102
1095_543,101
1095_544,101
1095_545,100
1095_546,100
1095_547,100
1095_548,102
1095_549,100
1095_550,99
1095_551,101
1095_552,101
1095_553,100
1095_554,105
1095_555,99
1095_556,101
1095_557,101
1095_558,101
1095_559,102
1095_560,100
1095_561,102
1095_562,101
1095_563,100
1095_564,98
1095_565,101
1095_566,99
1095_567,99
1095_568,102
1095_569,101
1095_570,101
1095_571,100
1095_572,101
1095_573,101
1095_574,100
1095_575,100
1095_576,99
1095_577,100
1095_578,101
1095_579,101
1095_580,100
1095_581,101
1095_582,101
1095_583,102
1095_584,100
1095_585,101
1095_586,101
1095_587,98
1095_588,102
1095_589,99
1095_590,99
1095_591,100
1095_592,101
1095_593,99
1095_594,99
1095_595,101
1095_596,100
1095_597,98
1095_598,96
1095_599,100
1095_600,103
1095_601,101
1095_602,101
1095_603,99
1095_604,99
1095_605,100
1095_606,102
1095_607,100
1095_608,99
1095_609,102
1095_610,101
1095_611,101
1095_612,100
1095_613,100
1095_614,102
1095_615,101
1095_616,102
1095_617,101
1095_618,98
1095_619,98
1095_620,99
1095_621,100
1095_622,99
1095_623,98
1095_624,101
1095_625,101
1095_626,98
1095_627,100
1095_628,98
1095_629,101
1095_630,97
1095_631,102
1095_632,102
1095_633,100
1095_634,101
1095_635,102
1095_636,102
1095_637,101
1095_638,97
1095_639,100
1095_640,99
1095_641,102
1095_642,99
1095_643,100
1095_644,99
1095_645,100
1095_646,101
1095_647,100
1095_648,100
1095_649,100
1095_650,102
1095_651,98
1095_652,102
1095_653,99
1095_654,100
1095_655,100
1095_656,101
1095_657,102
1095_658,100
1095_659,103
1095_660,101
1095_661,101
1095_662,99
1095_663,99
1095_664,99
1095_665,101
1095_666,99
1095_667,102
1095_668,100
1095_669,101
1095_670,100
1095_671,101
1095_672,100
1095_673,99
1095_674,100
1095_675,99
1095_676,99
1095_677,100
1095_678,102
1095_679,100
1095_680,101
1095_681,100
1095_682,102
1095_683,97
1095_684,99
1095_685,99
1095_686,101
1095_687,101
1095_688,100
1095_689,99
1095_690,98
1095_691,101
1095_692,102
1095_693,102
1095_694,100
1095_695,100
1095_696,100
1095_697,101
1095_698,100
1095_699,99
1095_700,103
1095_701,99
1095_702,101
1095_703,100
1095_704,101
1095_705,101
1095_706,100
1095_707,99
1095_708,98
1095_709,101
1095_710,98
1095_711,99
1095_712,102
1095_713,98
1095_714,98
1095_715,101
1095_716,96
1095_717,101
1095_718,100
1095_719,99
1095_720,101
1095_721,98
1095_722,101
1095_723,100
1095_724,100
1095_725,100
1095_726,102
1095_727,97
1095_728,102
1095_729,99
1095_730,100
1095_731,99
1095_732,100
1095_733,98
1095_734,100
1095_735,98
1095_736,104
1095_737,102
1095_738,100
1095_739,100
1095_740,98
1095_741,99
1095_742,100
1095_743,101
1095_744,99
1095_745,100
1095_746,102
1095_747,101
1095_748,101
1095_749,101
1095_750,101
1095_751,100
1095_752,99
1095_753,100
1095_754,100
1095_755,98
1095_756,100
1095_757,99
1095_758,100
1095_759,101
1095_760,100
1095_761,99
1095_762,101
1095_763,101
1095_764,101
1095_765,99
1095_766,102
1095_767,102
1095_768,100
1095_769,101
1095_770,98
1095_771,100
1095_772,102
1095_773,98
1095_774,98
1095_775,100
1095_776,100
1095_777,101
1095_778,101
1095_779,100
1095_780,98
1095_781,100
1095_782,101
1095_783,102
1095_784,100
1095_785,101
1095_786,99
1095_787,97
1095_788,98
1095_789,102
1095_790,99
1095_791,98
1095_792,102
1095_793,100
1095_794,99
1095_795,101
1095_796,100
1095_797,99
1095_798,99
1095_799,98
1095_800,97
1095_801,100
1095_802,100
1095_803,98
1095_804,97
1095_805,101
1095_806,101
1095_807,101
1095_808,100
1095_809,98
1095_810,100
1095_811,101
1095_812,100
1095_813,100
1095_814,99
1095_815,103
1095_816,98
1095_817,100
1095_818,101
1095_819,102
1095_820,97
1095_821,103
1095_822,99
1095_823,99
1095_824,101
1095_825,99
1095_826,100
1095_827,101
1095_828,98
1095_829,103
1095_830,101
1095_831,98
1095_832,101
1095_833,101
1095_834,101
1095_835,99
1095_836,100
1095_837,96
1095_838,101
1095_839,100
1095_840,96
1095_841,99
1095_842,101
1095_843,99
1095_844,102
1095_845,100
1095_846,100
1095_847,102
1095_848,101
1095_849,101
1095_850,100
1095_851,98
1095_852,100
1095_853,100
1095_854,100
1095_855,100
1095_856,98
1095_857,101
1095_858,99
1095_859,100
1095_860,104
1095_861,99
1095_862,103
1095_863,102
1095_864,98
1095_865,100
1095_866,99
1095_867,98
1095_868,100
1095_869,100
1095_870,101
1095_871,102
1095_872,98
1095_873,102
1095_874,99
1095_875,102
1095_876,99
1095_877,99
1095_878,98
1095_879,104
1095_880,100
1095_881,100
1095_882,100
1095_883,100
1095_884,97
1095_885,101
1095_886,102
1095_887,99
1095_888,98
1095_889,100
1095_890,101
1095_891,98
1095_892,100
1095_893,98
1095_894,100
1095_895,100
1095_896,102
1095_897,99
1095_898,100
1095_899,97
1095_900,101
1095_901,98
1095_902,101
1095_903,101
1095_904,102
1095_905,99
1095_906,101
1095_907,101
1095_908,99
1095_909,100
1095_910,98
1095_911,102
1095_912,100
1095_913,102
1095_914,100
1095_915,99
1095_916,100
1095_917,100
1095_918,99
1095_919,97
1095_920,99
1095_921,101
1095_922,101
1095_923,101
1095_924,101
1095_925,100
1095_926,101
1095_927,104
1095_928,99
1095_929,97
1095_930,102
1095_931,104
1095_932,99
1095_933,100
1095_934,101
1095_935,101
1095_936,99
1095_937,101
1095_938,100
1095_939,101
1095_940,98
1095_941,99
1095_942,103
1095_943,98
1095_944,100
1095_945,101
1095_946,98
1095_947,98
1095_948,100
1095_949,100
1095_950,102
1095_951,100
1095_952,100
1095_953,101
1095_954,98
1095_955,101
1095_956,100
1095_957,99
1095_958,101
1095_959,101
1095_960,102
1095_961,101
1095_962,100
1095_963,99
1095_964,102
1095_965,99
1095_966,100
1095_967,99
1095_968,98
1095_969,100
1095_970,99
1095_971,102
1095_972,99
1095_973,98
1095_974,100
1095_975,99
1095_976,98
1095_977,100
1095_978,99
1095_979,97
1095_980,101
1095_981,98
1095_982,100
1095_983,100
1095_984,102
1095_985,99
1095_986,101
1095_987,99
1095_988,100
1095_989,101
1095_990,98
1095_991,101
1095_992,99
1095_993,100
1095_994,100
1095_995,103
1095_996,100
1095_997,100
1095_998,97
1095_999,101
1095_1000,101
1095_1001,102
1095_1002,103
1095_1003,102
1095_1004,99
1095_1005,100
1095_1006,98
1095_1007,98
1095_1008,102
1095_1009,99
1095_1010,99
1095_1011,97
1095_1012,101
1095_1013,101
1095_1014,98
1095_1015,96
1095_1016,101
1095_1017,99
1095_1018,99
1095_1019,100
1095_1020,101
1095_1021,99
1095_1022,105
1095_1023,101
1095_1024,103
1095_1025,102
1095_1026,101
1095_1027,101
1095_1028,101
1095_1029,98
1095_1030,100
1095_1031,102
1095_1032,99
1095_1033,100
1095_1034,100
1095_1035,98
1095_1036,100
1095_1037,101
1095_1038,100
1095_1039,101
1095_1040,100
1095_1041,98
1095_1042,101
1095_1043,100
1095_1044,100
1095_1045,100
1095_1046,101
1095_1047,98
1095_1048,103
1095_1049,100
1095_1050,100
1095_1051,101
1095_1052,99
1095_1053,98
1095_1054,100
1095_1055,98
1095_1056,97
1095_1057,102
1095_1058,100
1095_1059,100
1095_1060,99
1095_1061,102
1095_1062,99
1095_1063,101
1095_1064,99
1095_1065,101
1095_1066,101
1095_1067,103
1095_1068,100
1095_1069,99
1095_1070,101
1095_1071,99
1095_1072,100
1095_1073,96
1095_1074,100
1095_1075,100
1095_1076,98
1095_1077,101
1095_1078,102
1095_1079,97
1095_1080,100
1095_1081,100
1095_1082,102
1095_1083,101
1095_1084,97
1095_1085,100
1095_1086,100
1095_1087,98
1095_1088,98
1095_1089,100
1095_1090,100
1095_1091,100
1095_1092,100
1095_1093,100
1095_1094,104
1095_1095,100
1095_1096,99
1095_1097,99
1095_1098,99
1095_1099,103
1095_1100,99
1095_1101,99
1095_1102,101
1095_1103,99
1095_1104,97
1095_1105,103
1095_1106,97
1095_1107,103
1095_1108,102
1095_1109,100
1095_1110,99
1095_1111,99
1095_1112,101
1095_1113,102
1095_1114,99
1095_1115,100
1095_1116,101
1095_1117,101
1095_1118,102
1095_1119,99
1095_1120,99
1095_1121,100
1095_1122,100
1095_1123,100
1095_1124,102
1095_1125,103
1095_1126,103
1095_1127,100
1095_1128,100
1095_1129,101
1095_1130,103
1095_1131,101
1095_1132,100
1095_1133,99
1095_1134,99
1095_1135,99
1095_1136,102
1095_1137,100
1095_1138,99
1095_1139,98
1095_1140,100
1095_1141,102
1095_1142,101
1095_1143,102
1095_1144,102
1095_1145,99
1095_1146,102
1095_1147,102
1095_1148,100
1095_1149,101
1095_1150,99
1095_1151,102
1095_1152,102
1095_1153,100
1095_1154,100
1095_1155,100
1095_1156,98
1095_1157,98
1095_1158,98
1095_1159,100
1095_1160,101
1095_1161,100
1095_1162,100
1095_1163,99
1095_1164,101
1095_1165,101
1095_1166,100
1095_1167,99
1095_1168,100
1095_1169,98
1095_1170,101
1095_1171,102
1095_1172,101
1095_1173,100
1095_1174,98
1095_1175,100
1095_1176,100
1095_1177,98
1095_1178,98
1095_1179,101
1095_1180,98
1095_1181,100
1095_1182,101
1095_1183,99
1095_1184,101
1095_1185,99
1095_1186,103
1095_1187,98
1095_1188,99
1095_1189,100
1095_1190,98
1095_1191,100
1095_1192,99
1095_1193,101
1095_1194,101
1095_1195,101
1095_1196,99
1095_1197,98
1095_1198,98
1095_1199,100
1095_1200,100
1095_1201,98
1095_1202,100
1095_1203,100
1095_1204,102
1095_1205,98
1095_1206,100
1095_1207,100
1095_1208,102
1095_1209,100
1095_1210,101
1095_1211,102
1095_1212,100
1095_1213,100
1095_1214,97
1095_1215,100
1095_1216,103
1095_1217,100
1095_1218,100
1095_1219,101
1095_1220,101
1095_1221,99
1095_1222,101
1095_1223,99
1095_1224,100
1095_1225,100
1095_1226,101
1095_1227,99
1095_1228,100
1095_1229,101
1095_1230,101
1095_1231,100
1095_1232,101
1095_1233,100
1095_1234,101
1095_1235,99
1095_1236,97
1095_1237,101
1095_1238,99
1095_1239,101
1095_1240,99
1095_1241,100
1095_1242,102
1095_1243,102
1095_1244,100
1095_1245,101
1095_1246,101
1095_1247,103
1095_1248,101
1095_1249,103
1095_1250,99
1095_1251,101
1095_1252,99
1095_1253,100
1095_1254,100
1095_1255,102
1095_1256,100
1095_1257,100
1095_1258,99
1095_1259,98
1095_1260,99
1095_1261,99
1095_1262,99
1095_1263,98
1095_1264,99
1095_1265,99
1095_1266,101
1095_1267,100
1095_1268,100
1095_1269,99
1095_1270,98
1095_1271,100
1095_1272,98
1095_1273,98
1095_1274,100
1095_1275,102
1095_1276,101
1095_1277,98
1095_1278,98
1095_1279,102
1095_1280,100
1095_1281,98
1095_1282,100
1095_1283,100
1095_1284,98
1095_1285,102
1095_1286,100
1095_1287,104
1095_1288,101
1095_1289,100
1095_1290,101
1095_1291,101
1095_1292,97
1095_1293,98
1095_1294,99
1095_1295,99
1095_1296,99
1095_1297,102
1095_1298,101
1095_1299,101
1095_1300,102
1095_1301,99
1095_1302,102
1095_1303,100
1095_1304,102
1095_1305,105
1095_1306,99
1095_1307,101
1095_1308,102
1095_1309,98
1095_1310,98
1095_1311,101
1095_1312,101
1095_1313,101
1095_1314,99
1095_1315,101
1095_1316,100
1095_1317,100
1095_1318,100
1095_1319,99
1095_1320,100
1095_1321,102
1095_1322,100
1095_1323,101
1095_1324,99
1095_1325,101
1095_1326,99
1095_1327,102
1095_1328,101
1095_1329,99
1095_1330,102
1095_1331,99
1095_1332,98
1095_1333,100
1095_1334,102
1095_1335,100
1095_1336,103
1095_1337,100
1095_1338,99
1095_1339,98
1095_1340,100
1095_1341,100
1095_1342,98
1095_1343,98
1095_1344,99
1095_1345,100
1095_1346,101
1095_1347,99
1095_1348,102
1095_1349,102
1095_1350,101
1095_1351,99
1095_1352,98
1095_1353,100
1095_1354,99
1095_1355,101
1095_1356,99
1095_1357,98
1095_1358,99
1095_1359,101
1095_1360,97
1095_1361,101
1095_1362,97
1095_1363,100
1095_1364,100
1095_1365,99
1095_1366,102
1095_1367,100
1095_1368,99
1095_1369,100
1095_1370,101
1095_1371,101
1095_1372,100
1095_1373,98
1095_1374,101
1095_1375,100
1095_1376,100
1095_1377,99
1095_1378,101
1095_1379,96
1095_1380,102
1095_1381,98
1095_1382,99
1095_1383,101
1095_1384,99
1095_1385,101
1095_1386,100
1095_1387,99
1095_1388,101
1095_1389,99
1095_1390,99
1095_1391,102
1095_1392,100
1095_1393,98
1095_1394,101
1095_1395,103
1095_1396,97
1095_1397,102
1095_1398,97
1095_1399,99
1095_1400,102
1095_1401,99
1095_1402,100
1095_1403,102
1095_1404,99
1095_1405,102
1095_1406,101
1095_1407,101
1095_1408,98
1095_1409,101
1095_1410,101
1095_1411,100
1095_1412,97
1095_1413,99
1095_1414,101
1095_1415,101
1095_1416,98
1095_1417,101
1095_1418,101
1095_1419,102
1095_1420,101
1095_1421,98
1095_1422,98
1095_1423,101
1095_1424,98
1095_1425,100
1095_1426,100
1095_1427,100
1095_1428,99
1095_1429,98
1095_1430,100
1095_1431,99
1095_1432,102
1095_1433,97
1095_1434,100
1095_1435,101
1095_1436,102
1095_1437,100
1095_1438,104
1095_1439,102
1095_1440,99
1095_1441,99
1095_1442,99
1095_1443,99
1095_1444,99
1095_1445,103
1095_1446,100
1095_1447,100
1095_1448,99
1095_1449,98
1095_1450,99
1095_1451,102
1095_1452,100
1095_1453,100
1095_1454,99
1095_1455,100
1095_1456,101
1095_1457,100
1095_1458,100
1095_1459,97
1095_1460,103
1095_1461,100
1095_1462,102
1095_1463,100
1095_1464,100
1095_1465,99
1095_1466,99
1095_1467,98
1095_1468,99
1095_1469,100
1095_1470,100
1095_1471,100
1095_1472,99
1095_1473,100
1095_1474,98
1095_1475,100
1095_1476,101
1095_1477,100
1095_1478,98
1095_1479,99
1095_1480,100
1095_1481,99
1095_1482,100
1095_1483,101
1095_1484,99
1095_1485,99
1095_1486,101
1095_1487,100
1095_1488,99
1095_1489,98
1095_1490,99
1095_1491,100
1095_1492,102
1095_1493,99
1095_1494,100
1095_1495,97
1095_1496,101
1095_1497,100
1095_1498,102
1095_1499,102
1095_1500,100
1095_1501,101
1095_1502,101
1095_1503,100
1095_1504,101
1095_1505,99
1095_1506,99
1095_1507,101
1095_1508,100
1095_1509,102
1095_1510,101
1095_1511,97
1095_1512,100
1095_1513,97
1095_1514,101
1095_1515,104
1095_1516,99
1095_1517,100
1095_1518,100
1095_1519,97
1095_1520,99
1095_1521,101
1095_1522,98
1095_1523,102
1095_1524,99
1095_1525,99
1095_1526,100
1095_1527,103
1095_1528,97
1095_1529,101
1095_1530,99
1095_1531,99
1095_1532,99
1095_1533,100
1095_1534,100
1095_1535,99
1095_1536,103
1095_1537,99
1095_1538,98
1095_1539,101
1095_1540,100
1095_1541,99
1095_1542,99
1095_1543,101
1095_1544,101
1095_1545,100
1095_1546,99
1095_1547,99
1095_1548,101
1095_1549,98
1095_1550,100
1095_1551,102
1095_1552,98
1095_1553,101
1095_1554,97
1095_1555,101
1095_1556,102
1095_1557,100
1095_1558,103
1095_1559,102
1095_1560,96
1095_1561,101
1095_1562,102
1095_1563,99
1095_1564,99
1095_1565,97
1095_1566,99
1095_1567,100
1095_1568,100
1095_1569,101
1095_1570,100
1095_1571,99
1095_1572,100
1095_1573,103
1095_1574,96
1095_1575,100
1095_1576,99
1095_1577,99
1095_1578,101
1095_1579,100
1095_1580,100
1095_1581,100
1095_1582,100
1095_1583,102
1095_1584,101
1095_1585,101
1095_1586,100
1095_1587,102
1095_1588,99
1095_1589,101
1095_1590,100
1095_1591,100
1095_1592,101
1095_1593,99
1095_1594,100
1095_1595,101
1095_1596,100
1095_1597,101
1095_1598,100
1095_1599,104
1095_1600,100
1095_1601,97
1095_1602,103
1095_1603,100
1095_1604,101
1095_1605,100
1095_1606,102
1095_1607,100
1095_1608,97
1095_1609,100
1095_1610,102
1095_1611,100
1095_1612,101
1095_1613,101
1095_1614,100
1095_1615,101
1095_1616,102
1095_1617,101
1095_1618,99
1095_1619,99
1095_1620,100
1095_1621,101
1095_1622,99
1095_1623,99
1095_1624,103
1095_1625,100
1095_1626,98
1095_1627,98
1095_1628,100
1095_1629,99
1095_1630,101
1095_1631,99
1095_1632,101
1095_1633,102
1095_1634,99
1095_1635,100
1095_1636,101
1095_1637,102
1095_1638,99
1095_1639,100
1095_1640,101
1095_1641,99
1095_1642,98
1095_1643,100
1095_1644,100
1095_1645,100
1095_1646,100
1095_1647,102
1095_1648,99
1095_1649,101
1095_1650,99
1095_1651,100
1095_1652,101
1095_1653,101
1095_1654,99
1095_1655,99
1095_1656,101
1095_1657,101
1095_1658,100
1095_1659,99
1095_1660,100
1095_1661,100
1095_1662,101
1095_1663,100
1095_1664,99
1095_1665,97
1095_1666,100
1095_1667,100
1095_1668,101
1095_1669,99
1095_1670,100
1095_1671,99
1095_1672,101
1095_1673,98
1095_1674,101
1095_1675,98
1095_1676,101
1095_1677,98
1095_1678,101
1095_1679,101
1095_1680,98
1095_1681,98
1095_1682,100
1095_1683,99
1095_1684,100
1095_1685,99
1095_1686,100
1095_1687,101
1095_1688,101
1095_1689,101
1095_1690,102
1095_1691,102
1095_1692,101
1095_1693,102
1095_1694,100
1095_1695,101
1095_1696,100
1095_1697,97
1095_1698,103
1095_1699,102
1095_1700,100
1095_1701,99
1095_1702,96
1095_1703,98
1095_1704,99
1095_1705,100
1095_1706,97
1095_1707,101
1095_1708,101
1095_1709,100
1095_1710,103
1095_1711,101
1095_1712,99
1095_1713,101
1095_1714,100
1095_1715,100
1095_1716,99
1095_1717,99
1095_1718,102
1095_1719,102
1095_1720,102
1095_1721,100
1095_1722,98
1095_1723,103
1095_1724,100
1095_1725,102
1095_1726,98
1095_1727,99
1095_1728,101
1095_1729,101
1095_1730,102
1095_1731,98
1095_1732,101
1095_1733,102
1095_1734,99
1095_1735,103
1095_1736,99
1095_1737,100
1095_1738,100
1095_1739,101
1095_1740,98
1095_1741,101
1095_1742,100
1095_1743,100
1095_1744,97
1095_1745,98
1095_1746,98
1095_1747,99
1095_1748,99
1095_1749,102
1095_1750,98
1095_1751,100
1095_1752,101
1095_1753,101
1095_1754,99
1095_1755,96
1095_1756,99
1095_1757,101
1095_1758,100
1095_1759,101
1095_1760,100
1095_1761,98
1095_1762,100
1095_1763,102
1095_1764,100
1095_1765,99
1095_1766,102
1095_1767,98
1095_1768,99
1095_1769,102
1095_1770,99
1095_1771,98
1095_1772,98
1095_1773,99
1095_1774,100
1095_1775,102
1095_1776,100
1095_1777,101
1095_1778,101
1095_1779,98
1095_1780,99
1095_1781,99
1095_1782,102
1095_1783,100
1095_1784,100
1095_1785,100
1095_1786,104
1095_1787,101
1095_1788,103
1095_1789,102
1095_1790,101
1095_1791,98
1095_1792,101
1095_1793,101
1095_1794,100
1095_1795,102
1095_1796,102
1095_1797,100
1095_1798,99
1095_1799,97
1095_1800,100
1095_1801,99
1095_1802,100
1095_1803,101
1095_1804,99
1095_1805,98
1095_1806,98
1095_1807,102
1095_1808,100
1095_1809,98
1095_1810,101
1095_1811,101
1095_1812,100
1095_1813,102
1095_1814,101
1095_1815,100
1095_1816,101
1095_1817,97
1095_1818,102
1095_1819,100
1095_1820,100
1095_1821,98
1095_1822,99
1095_1823,101
1095_1824,99
1095_1825,102
1095_1826,100
1095_1827,102
1095_1828,100
1095_1829,98
1095_1830,101
1095_1831,103
1095_1832,102
1095_1833,101
1095_1834,101
1095_1835,98
1095_1836,101
1095_1837,99
1095_1838,103
1095_1839,102
1095_1840,100
1095_1841,100
1095_1842,100
1095_1843,100
1095_1844,100
1095_1845,101
1095_1846,99
1095_1847,100
1095_1848,100
1095_1849,101
1095_1850,101
1095_1851,98
1095_1852,100
1095_1853,101
1095_1854,99
1095_1855,99
1095_1856,101
1095_1857,100
1095_1858,99
1095_1859,98
1095_1860,99
1095_1861,102
1095_1862,101
1095_1863,97
1095_1864,99
1095_1865,100
1095_1866,98
1095_1867,100
1095_1868,100
1095_1869,102
1095_1870,99
1095_1871,100
1095_1872,101
1095_1873,100
1095_1874,98
1095_1875,103
1095_1876,100
1095_1877,98
1095_1878,103
1095_1879,99
1095_1880,98
1095_1881,100
1095_1882,98
1095_1883,103
1095_1884,98
1095_1885,102
1095_1886,98
1095_1887,98
1095_1888,99
1095_1889,101
1095_1890,102
1095_1891,101
1095_1892,99
1095_1893,100
1095_1894,99
1095_1895,102
1095_1896,100
1095_1897,102
1095_1898,99
1095_1899,99
1095_1900,99
1095_1901,99
1095_1902,102
1095_1903,99
1095_1904,101
1095_1905,99
1095_1906,100
1095_1907,99
1095_1908,101
1095_1909,99
1095_1910,100
1095_1911,101
1095_1912,102
1095_1913,102
1095_1914,98
1095_1915,99
1095_1916,97
1095_1917,104
1095_1918,100
1095_1919,99
1095_1920,99
1095_1921,102
1095_1922,99
1095_1923,102
1095_1924,99
1095_1925,101
1095_1926,101
1095_1927,100
1095_1928,99
1095_1929,100
1095_1930,100
1095_1931,100
1095_1932,102
1095_1933,101
1095_1934,100
1095_1935,99
1095_1936,100
1095_1937,98
1095_1938,99
1095_1939,100
1095_1940,97
1095_1941,103
1095_1942,100
1095_1943,101
1095_1944,99
1095_1945,100
1095_1946,101
1095_1947,101
1095_1948,100
1095_1949,99
1095_1950,100
1095_1951,102
1095_1952,100
1095_1953,99
1095_1954,101
1095_1955,98
1095_1956,101
1095_1957,99
1095_1958,100
1095_1959,100
1095_1960,99
1095_1961,97
1095_1962,99
1095_1963,102
1095_1964,98
1095_1965,101
1095_1966,104
1095_1967,101
1095_1968,100
1095_1969,99
1095_1970,100
1095_1971,100
1095_1972,99
1095_1973,100
1095_1974,101
1095_1975,98
1095_1976,99
1095_1977,98
1095_1978,100
1095_1979,100
1095_1980,99
1095_1981,99
1095_1982,98
1095_1983,101
1095_1984,99
1095_1985,102
1095_1986,101
1095_1987,101
1095_1988,100
1095_1989,100
1095_1990,103
1095_1991,98
1095_1992,101
1095_1993,100
1095_1994,101
1095_1995,101
1095_1996,101
1095_1997,100
1095_1998,97
1095_1999,101
1095_2000,101
1095_2001,100
1095_2002,101
1095_2003,100
1095_2004,98
1095_2005,101
1095_2006,100
1095_2007,100
1095_2008,100
1095_2009,100
1095_2010,100
1095_2011,99
1095_2012,102
1095_2013,100
1095_2014,100
1095_2015,103
1095_2016,98
1095_2017,102
1095_2018,99
1095_2019,101
1095_2020,99
1095_2021,100
1095_2022,97
1095_2023,102
1095_2024,99
1095_2025,96
1095_2026,98
1095_2027,101
1095_2028,102
1095_2029,103
1095_2030,101
1095_2031,100
1095_2032,102
1095_2033,97
1095_2034,101
1095_2035,99
1095_2036,101
1095_2037,100
1095_2038,101
1095_2039,100
1095_2040,102
1095_2041,103
1095_2042,102
1095_2043,101
1095_2044,98
1095_2045,99
1095_2046,100
1095_2047,99
1095_2048,99
1095_2049,99
1095_2050,99
1095_2051,100
1095_2052,101
1095_2053,98
1095_2054,100
1095_2055,101
1095_2056,101
1095_2057,98
1095_2058,100
1095_2059,101
1095_2060,100
1095_2061,99
1095_2062,101
1095_2063,100
1095_2064,102
1095_2065,100
1095_2066,100
1095_2067,98
1095_2068,103
1095_2069,97
1095_2070,100
1095_2071,100
1095_2072,101
1095_2073,103
1095_2074,100
1095_2075,101
1095_2076,98
1095_2077,99
1095_2078,98
1095_2079,98
1095_2080,106
1095_2081,99
1095_2082,98
1095_2083,98
1095_2084,99
1095_2085,99
1095_2086,98
1095_2087,96
1095_2088,99
1095_2089,100
1095_2090,99
1095_2091,99
1095_2092,101
1095_2093,101
1095_2094,100
1095_2095,99
1095_2096,100
1095_2097,99
1095_2098,99
1095_2099,101
1095_2100,99
1095_2101,98
1095_2102,101
1095_2103,98
1095_2104,101
1095_2105,99
1095_2106,99
1095_2107,101
1095_2108,102
1095_2109,100
1095_2110,100
1095_2111,98
1095_2112,100
1095_2113,100
1095_2114,98
1095_2115,100
1095_2116,102
1095_2117,99
1095_2118,101
1095_2119,99
1095_2120,102
1095_2121,99
1095_2122,100
1095_2123,99
1095_2124,102
1095_2125,100
1095_2126,99
1095_2127,99
1095_2128,99
1095_2129,99
1095_2130,99
1095_2131,100
1095_2132,99
1095_2133,98
1095_2134,101
1095_2135,101
1095_2136,100
1095_2137,100
1095_2138,100
1095_2139,98
1095_2140,100
1095_2141,99
1095_2142,104
1095_2143,101
1095_2144,102
1095_2145,101
1095_2146,97
1095_2147,101
1095_2148,100
1095_2149,101
1095_2150,100
1095_2151,98
1095_2152,99
1095_2153,99
1095_2154,99
1095_2155,102
1095_2156,100
1095_2157,99
1095_2158,102
1095_2159,100
1095_2160,99
1095_2161,100
1095_2162,101
1095_2163,100
1095_2164,100
1095_2165,99
1095_2166,99
1095_2167,103
1095_2168,102
1095_2169,97
1095_2170,102
1095_2171,99
1095_2172,102
1095_2173,96
1095_2174,103
1095_2175,100
1095_2176,101
1095_2177,101
1095_2178,99
1095_2179,98
1095_2180,100
1095_2181,101
1095_2182,99
1095_2183,99
1095_2184,101
1095_2185,99
1095_2186,100
1095_2187,99
1095_2188,100
1095_2189,99
1095_2190,102
1095_2191,104
1095_2192,99
1095_2193,102
1095_2194,99
1095_2195,98
1095_2196,102
1095_2197,101
1095_2198,100
1095_2199,101
1095_2200,99
1095_2201,101
1095_2202,100
1095_2203,103
1095_2204,99
1095_2205,101
1095_2206,100
1095_2207,101
1095_2208,100
1095_2209,99
1095_2210,101
1095_2211,100
1095_2212,99
1095_2213,100
1095_2214,101
1095_2215,99
1095_2216,102
1095_2217,100
1095_2218,100
1095_2219,98
1095_2220,101
1095_2221,98
1095_2222,99
1095_2223,102
1095_2224,100
1095_2225,100
1095_2226,97
1095_2227,100
1095_2228,102
1095_2229,102
1095_2230,101
1095_2231,103
1095_2232,101
1095_2233,100
1095_2234,100
1095_2235,104
1095_2236,101
1095_2237,100
1095_2238,103
1095_2239,101
1095_2240,99
1095_2241,100
1095_2242,102
1095_2243,101
1095_2244,99
1095_2245,99
1095_2246,101
1095_2247,102
1095_2248,101
1095_2249,98
1095_2250,99
1095_2251,99
1095_2252,101
1095_2253,98
1095_2254,100
1095_2255,99
1095_2256,98
1095_2257,100
1095_2258,101
1095_2259,99
1095_2260,97
1095_2261,98
1095_2262,100
1095_2263,100
1095_2264,101
1095_2265,100
1095_2266,99
1095_2267,99
1095_2268,99
1095_2269,101
1095_2270,104
1095_2271,97
1095_2272,100
1095_2273,98
1095_2274,99
1095_2275,100
1095_2276,100
1095_2277,100
1095_2278,99
1095_2279,101
1095_2280,101
1095_2281,100
1095_2282,100
1095_2283,101
1095_2284,101
1095_2285,100
1095_2286,100
1095_2287,100
1095_2288,102
1095_2289,99
1095_2290,101
1095_2291,100
1095_2292,99
1095_2293,100
1095_2294,101
1095_2295,98
1095_2296,101
1095_2297,98
1095_2298,101
1095_2299,100
1095_2300,101
1095_2301,100
1095_2302,99
1095_2303,101
1095_2304,100
1095_2305,101
1095_2306,97
1095_2307,102
1095_2308,97
1095_2309,99
1095_2310,100
1095_2311,97
1095_2312,99
1095_2313,105
1095_2314,100
1095_2315,100
1095_2316,99
1095_2317,101
1095_2318,100
1095_2319,99
1095_2320,103
1095_2321,100
1095_2322,99
1095_2323,102
1095_2324,98
1095_2325,100
1095_2326,103
1095_2327,100
1095_2328,99
1095_2329,100
1095_2330,103
1095_2331,99
1095_2332,100
1095_2333,101
1095_2334,98
1095_2335,98
1095_2336,100
1095_2337,102
1095_2338,101
1095_2339,100
1095_2340,101
1095_2341,101
1095_2342,99
1095_2343,99
1095_2344,102
1095_2345,101
1095_2346,98
1095_2347,100
1095_2348,101
1095_2349,99
1095_2350,102
1095_2351,101
1095_2352,98
1095_2353,99
1095_2354,103
1095_2355,101
1095_2356,100
1095_2357,98
1095_2358,99
1095_2359,100
1095_2360,102
1095_2361,99
1095_2362,102
1095_2363,100
1095_2364,101
1095_2365,101
1095_2366,102
1095_2367,98
1095_2368,103
1095_2369,101
1095_2370,103
1095_2371,102
1095_2372,100
1095_2373,100
1095_2374,101
1095_2375,95
1095_2376,100
1095_2377,98
1095_2378,98
1095_2379,101
1095_2380,100
1095_2381,103
1095_2382,101
1095_2383,102
1095_2384,98
1095_2385,101
1095_2386,99
1095_2387,103
1095_2388,101
1095_2389,102
1095_2390,100
1095_2391,100
1095_2392,101
1095_2393,101
1095_2394,101
1095_2395,100
1095_2396,100
1095_2397,100
1095_2398,101
1095_2399,100
1095_2400,100
1095_2401,103
1095_2402,98
1095_2403,102
1095_2404,99
1095_2405,100
1095_2406,99
1095_2407,99
1095_2408,100
1095_2409,98
1095_2410,101
1095_2411,99
1095_2412,97
1095_2413,99
1095_2414,101
1095_2415,102
1095_2416,102
1095_2417,100
1095_2418,98
1095_2419,101
1095_2420,101
1095_2421,98
1095_2422,97
1095_2423,101
1095_2424,99
1095_2425,100
1095_2426,97
1095_2427,101
1095_2428,101
1095_2429,100
1095_2430,100
1095_2431,101
1095_2432,99
1095_2433,98
1095_2434,98
1095_2435,101
1095_2436,101
1095_2437,100
1095_2438,101
1095_2439,99
1095_2440,97
1095_2441,99
1095_2442,98
1095_2443,99
1095_2444,101
1095_2445,101
1095_2446,101
1095_2447,101
1095_2448,100
1095_2449,101
1095_2450,98
1095_2451,99
1095_2452,97
1095_2453,99
1095_2454,101
1095_2455,102
1095_2456,99
1095_2457,100
1095_2458,101
1095_2459,101
1095_2460,95
1095_2461,101
1095_2462,101
1095_2463,99
1095_2464,102
1095_2465,100
1095_2466,101
1095_2467,103
1095_2468,96
1095_2469,101
1095_2470,100
1095_2471,98
1095_2472,102
1095_2473,101
1095_2474,99
1095_2475,99
1095_2476,98
1095_2477,102
1095_2478,100
1095_2479,102
1095_2480,100
1095_2481,100
1095_2482,101
1095_2483,102
1095_2484,98
1095_2485,100
1095_2486,100
1095_2487,101
1095_2488,98
1095_2489,100
1095_2490,99
1095_2491,97
1095_2492,100
1095_2493,100
1095_2494,99
1095_2495,101
1095_2496,101
1095_2497,100
1095_2498,99
1095_2499,97
1095_2500,100
1095_2501,99
1095_2502,100
1095_2503,100
1095_2504,100
1095_2505,100
1095_2506,98
1095_2507,98
1095_2508,99
1095_2509,99
1095_2510,100
1095_2511,100
1095_2512,102
1095_2513,100
1095_2514,102
1095_2515,102
1095_2516,102
1095_2517,99
1095_2518,99
1095_2519,100
1095_2520,100
1095_2521,99
1095_2522,101
1095_2523,101
1095_2524,102
1095_2525,100
1095_2526,102
1095_2527,97
1095_2528,101
1095_2529,100
1095_2530,100
1095_2531,98
1095_2532,103
1095_2533,101
1095_2534,100
1095_2535,102
1095_2536,101
1095_2537,98
1095_2538,100
1095_2539,100
1095_2540,100
1095_2541,100
1095_2542,100
1095_2543,100
1095_2544,100
1095_2545,101
1095_2546,98
1095_2547,99
1095_2548,98
1095_2549,100
1095_2550,97
1095_2551,100
1095_2552,101
1095_2553,100
1095_2554,99
1095_2555,99
1095_2556,99
1095_2557,100
1095_2558,101
1095_2559,101
1095_2560,99
1095_2561,98
1095_2562,100
1095_2563,100
1095_2564,101
1095_2565,98
1095_2566,101
1095_2567,100
1095_2568,99
1095_2569,101
1095_2570,101
1095_2571,99
1095_2572,100
1095_2573,100
1095_2574,101
1095_2575,103
1095_2576,98
1095_2577,101
1095_2578,100
1095_2579,99
1095_2580,100
1095_2581,99
1095_2582,102
1095_2583,100
1095_2584,98
1095_2585,101
1095_2586,101
1095_2587,100
1095_2588,99
1095_2589,100
1095_2590,96
1095_2591,103
1095_2592,98
1095_2593,100
1095_2594,102
1095_2595,102
1095_2596,99
1095_2597,102
1095_2598,100
1095_2599,100
1095_2600,99
1095_2601,100
1095_2602,102
1095_2603,100
1095_2604,102
1095_2605,101
1095_2606,103
1095_2607,98
1095_2608,98
1095_2609,99
1095_2610,101
1095_2611,101
1095_2612,101
1095_2613,98
1095_2614,101
1095_2615,101
1095_2616,102
1095_2617,99
1095_2618,100
1095_2619,100
1095_2620,100
1095_2621,100
1095_2622,100
1095_2623,104
1095_2624,100
1095_2625,101
1095_2626,101
1095_2627,101
1095_2628,100
1095_2629,100
1095_2630,103
1095_2631,100
1095_2632,102
1095_2633,97
1095_2634,97
1095_2635,100
1095_2636,101
1095_2637,99
1095_2638,102
1095_2639,99
1095_2640,99
1095_2641,101
1095_2642,100
1095_2643,99
1095_2644,102
1095_2645,101
1095_2646,101
1095_2647,100
1095_2648,99
1095_2649,102
1095_2650,99
1095_2651,99
1095_2652,99
1095_2653,101
1095_2654,99
1095_2655,97
1095_2656,102
1095_2657,101
1095_2658,101
1095_2659,99
1095_2660,99
1095_2661,102
1095_2662,101
1095_2663,101
1095_2664,102
1095_2665,99
1095_2666,99
1095_2667,98
1095_2668,100
1095_2669,102
1095_2670,99
1095_2671,98
1095_2672,99
1095_2673,101
1095_2674,98
1095_2675,102
1095_2676,99
1095_2677,101
1095_2678,103
1095_2679,100
1095_2680,102
1095_2681,99
1095_2682,100
1095_2683,101
1095_2684,100
1095_2685,98
1095_2686,100
1095_2687,98
1095_2688,102
1095_2689,102
1095_2690,100
1095_2691,99
1095_2692,99
1095_2693,99
1095_2694,102
1095_2695,100
1095_2696,100
1095_2697,101
1095_2698,101
1095_2699,101
1095_2700,100
1095_2701,100
1095_2702,100
1095_2703,98
1095_2704,103
1095_2705,101
1095_2706,101
1095_2707,100
1095_2708,100
1095_2709,102
1095_2710,98
1095_2711,100
1095_2712,98
1095_2713,101
1095_2714,100
1095_2715,101
1095_2716,98
1095_2717,100
1095_2718,98
1095_2719,99
1095_2720,100
1095_2721,100
1095_2722,99
1095_2723,101
1095_2724,102
1095_2725,102
1095_2726,101
1095_2727,101
1095_2728,101
1095_2729,100
1095_2730,100
1095_2731,98
1095_2732,100
1095_2733,101
1095_2734,102
1095_2735,100
1095_2736,101
1095_2737,101
1095_2738,98
1095_2739,101
1095_2740,101
1095_2741,98
1095_2742,100
1095_2743,101
1095_2744,101
1095_2745,101
1095_2746,100
1095_2747,101
1095_2748,101
1095_2749,100
1095_2750,101
1095_2751,101
1095_2752,99
1095_2753,99
1095_2754,101
1095_2755,100
1095_2756,101
1095_2757,99
1095_2758,98
1095_2759,102
1095_2760,101
1095_2761,99
1095_2762,100
1095_2763,102
1095_2764,98
1095_2765,98
1095_2766,100
1095_2767,99
1095_2768,99
1095_2769,101
1095_2770,100
1095_2771,99
1095_2772,99
1095_2773,101
1095_2774,99
1095_2775,103
1095_2776,100
1095_2777,99
1095_2778,98
1095_2779,101
1095_2780,102
1095_2781,100
1095_2782,99
1095_2783,98
1095_2784,101
1095_2785,101
1095_2786,101
1095_2787,102
1095_2788,100
1095_2789,99
1095_2790,97
1095_2791,99
1095_2792,100
1095_2793,98
1095_2794,99
1095_2795,100
1095_2796,104
1095_2797,101
1095_2798,100
1095_2799,102
1095_2800,103
1095_2801,100
1095_2802,99
1095_2803,102
1095_2804,100
1095_2805,99
1095_2806,101
1095_2807,99
1095_2808,102
1095_2809,99
1095_2810,101
1095_2811,100
1095_2812,100
1095_2813,100
1095_2814,99
1095_2815,100
1095_2816,100
1095_2817,101
1095_2818,99
1095_2819,103
1095_2820,101
1095_2821,99
1095_2822,98
1095_2823,101
1095_2824,101
1095_2825,97
1095_2826,101
1095_2827,100
1095_2828,103
1095_2829,99
1095_2830,99
1095_2831,99
1095_2832,99
1095_2833,102
1095_2834,103
1095_2835,99
1095_2836,101
1095_2837,100
1095_2838,100
1095_2839,100
1095_2840,99
1095_2841,98
1095_2842,101
1095_2843,100
1095_2844,98
1095_2845,100
1095_2846,100
1095_2847,100
1095_2848,97
1095_2849,102
1095_2850,101
1095_2851,98
1095_2852,99
1095_2853,100
1095_2854,99
1095_2855,101
1095_2856,98
1095_2857,100
1095_2858,102
1095_2859,98
1095_2860,101
1095_2861,99
1095_2862,103
1095_2863,100
1095_2864,98
1095_2865,100
1095_2866,97
1095_2867,101
1095_2868,100
1095_2869,99
1095_2870,99
1095_2871,99
1095_2872,102
1095_2873,101
1095_2874,99
1095_2875,99
1095_2876,98
1095_2877,99
1095_2878,99
1095_2879,102
1095_2880,103
1095_2881,101
1095_2882,101
1095_2883,99
1095_2884,101
1095_2885,100
1095_2886,99
1095_2887,101
1095_2888,98
1095_2889,97
1095_2890,103
1095_2891,101
1095_2892,99
1095_2893,99
1095_2894,98
1095_2895,101
1095_2896,101
1095_2897,99
1095_2898,98
1095_2899,100
1095_2900,100
1095_2901,101
1095_2902,102
1095_2903,98
1095_2904,98
1095_2905,99
1095_2906,99
1095_2907,99
1095_2908,100
1095_2909,99
1095_2910,100
1095_2911,99
1095_2912,98
1095_2913,102
1095_2914,100
1095_2915,99
1095_2916,100
1095_2917,101
1095_2918,102
1095_2919,102
1095_2920,99
1095_2921,100
1095_2922,101
1095_2923,100
1095_2924,97
1095_2925,101
1095_2926,99
1095_2927,100
1095_2928,100
1095_2929,99
1095_2930,100
1095_2931,99
1095_2932,98
1095_2933,101
1095_2934,99
1095_2935,99
1095_2936,101
1095_2937,100
1095_2938,101
1095_2939,99
1095_2940,99
1095_2941,100
1095_2942,99
1095_2943,99
1095_2944,98
1095_2945,102
1095_2946,101
1095_2947,101
1095_2948,101
1095_2949,99
1095_2950,99
1095_2951,102
1095_2952,99
1095_2953,100
1095_2954,99
1095_2955,99
1095_2956,101
1095_2957,102
1095_2958,100
1095_2959,98
1095_2960,99
1095_2961,101
1095_2962,100
1095_2963,100
1095_2964,101
1095_2965,99
1095_2966,101
1095_2967,100
1095_2968,97
1095_2969,100
1095_2970,98
1095_2971,100
1095_2972,101
1095_2973,100
1095_2974,100
1095_2975,98
1095_2976,101
1095_2977,100
1095_2978,99
1095_2979,101
1095_2980,102
1095_2981,102
1095_2982,99
1095_2983,100
1095_2984,98
1095_2985,102
1095_2986,98
1095_2987,98
1095_2988,99
1095_2989,98
1095_2990,101
1095_2991,99
1095_2992,102
1095_2993,100
1095_2994,101
1095_2995,99
1095_2996,101
1095_2997,100
1095_2998,99
1095_2999,101
1095_3000,97
1095_3001,103
1095_3002,102
1095_3003,99
1095_3004,99
1095_3005,97
1095_3006,101
1095_3007,102
1095_3008,100
1095_3009,99
1095_3010,101
1095_3011,99
1095_3012,97
1095_3013,100
1095_3014,100
1095_3015,101
1095_3016,99
1095_3017,103
1095_3018,100
1095_3019,100
1095_3020,101
1095_3021,100
1095_3022,102
1095_3023,100
1095_3024,102
1095_3025,98
1095_3026,101
1095_3027,98
1095_3028,100
1095_3029,100
1095_3030,100
1095_3031,98
1095_3032,99
1095_3033,102
1095_3034,101
1095_3035,99
1095_3036,101
1095_3037,103
1095_3038,99
1095_3039,100
1095_3040,102
1095_3041,102
1095_3042,97
1095_3043,100
1095_3044,99
1095_3045,101
1095_3046,101
1095_3047,99
1095_3048,100
1095_3049,103
1095_3050,99
1095_3051,100
1095_3052,99
1095_3053,101
1095_3054,99
1095_3055,100
1095_3056,99
1095_3057,101
1095_3058,98
1095_3059,100
1095_3060,100
1095_3061,100
1095_3062,96
1095_3063,101
1095_3064,100
1095_3065,98
1095_3066,98
1095_3067,101
1095_3068,99
1095_3069,101
1095_3070,99
1095_3071,100
1095_3072,99
1095_3073,104
1095_3074,102
1095_3075,100
1095_3076,102
1095_3077,100
1095_3078,101
1095_3079,99
1095_3080,101
1095_3081,99
1095_3082,100
1095_3083,100
1095_3084,100
1095_3085,99
1095_3086,101
1095_3087,102
1095_3088,97
1095_3089,101
1095_3090,97
1095_3091,102
1095_3092,101
1095_3093,98
1095_3094,104
1095_3095,98
1095_3096,102
1095_3097,100
1095_3098,97
1095_3099,103
1095_3100,103
1095_3101,103
1095_3102,100
1095_3103,97
1095_3104,101
1095_3105,97
1095_3106,102
1095_3107,100
1095_3108,99
1095_3109,100
1095_3110,97
1095_3111,101
1095_3112,99
1095_3113,103
1095_3114,100
1095_3115,103
1095_3116,102
1095_3117,100
1095_3118,99
1095_3119,101
1095_3120,101
1095_3121,99
1095_3122,100
1095_3123,103
1095_3124,101
1095_3125,99
1095_3126,101
1095_3127,100
1095_3128,98
1095_3129,101
1095_3130,100
1095_3131,100
1095_3132,99
1095_3133,99
1095_3134,98
1095_3135,103
1095_3136,98
1095_3137,98
1095_3138,102
1095_3139,98
1095_3140,96
1095_3141,99
1095_3142,101
1095_3143,101
1095_3144,100
1095_3145,100
1095_3146,97
1095_3147,102
1095_3148,97
1095_3149,99
1095_3150,100
1095_3151,100
1095_3152,101
1095_3153,98
1095_3154,101
1095_3155,101
1095_3156,100
1095_3157,101
1095_3158,99
1095_3159,97
1095_3160,101
1095_3161,102
1095_3162,98
1095_3163,98
1095_3164,100
1095_3165,101
1095_3166,102
1095_3167,99
1095_3168,100
1095_3169,97
1095_3170,99
1095_3171,99
1095_3172,99
1095_3173,99
1095_3174,100
1095_3175,100
1095_3176,99
1095_3177,99
1095_3178,100
1095_3179,100
1095_3180,96
1095_3181,103
1095_3182,99
1095_3183,100
1095_3184,102
1095_3185,101
1095_3186,99
1095_3187,98
1095_3188,101
1095_3189,100
1095_3190,100
1095_3191,100
1095_3192,102
1095_3193,98
1095_3194,101
1095_3195,100
1095_3196,100
1095_3197,102
1095_3198,97
1095_3199,99
1095_3200,101
1095_3201,101
1095_3202,99
1095_3203,100
1095_3204,99
1095_3205,100
1095_3206,101
1095_3207,101
1095_3208,100
1095_3209,101
1095_3210,99
1095_3211,100
1095_3212,100
1095_3213,102
1095_3214,103
1095_3215,98
1095_3216,100
1095_3217,101
1095_3218,100
1095_3219,99
1095_3220,99
1095_3221,97
1095_3222,99
1095_3223,102
1095_3224,99
1095_3225,100
1095_3226,99
1095_3227,98
1095_3228,98
1095_3229,100
1095_3230,99
1095_3231,99
1095_3232,103
1095_3233,100
1095_3234,99
1095_3235,102
1095_3236,100
1095_3237,99
1095_3238,100
1095_3239,103
1095_3240,100
1095_3241,102
1095_3242,99
1095_3243,101
1095_3244,96
1095_3245,100
1095_3246,98
1095_3247,101
1095_3248,102
1095_3249,97
1095_3250,104
1095_3251,100
1095_3252,102
1095_3253,99
1095_3254,100
1095_3255,98
1095_3256,100
1095_3257,99
1095_3258,101
1095_3259,102
1095_3260,101
1095_3261,99
1095_3262,102
1095_3263,100
1095_3264,99
1095_3265,98
1095_3266,101
1095_3267,102
1095_3268,99
1095_3269,102
1095_3270,99
1095_3271,100
1095_3272,99
1095_3273,100
1095_3274,100
1095_3275,100
1095_3276,99
1095_3277,99
1095_3278,100
1095_3279,101
1095_3280,100
1095_3281,99
1095_3282,102
1095_3283,99
1095_3284,98
1095_3285,98
1095_3286,101
1095_3287,101
1095_3288,100
1095_3289,97
1095_3290,100
1095_3291,101
1095_3292,100
1095_3293,98
1095_3294,104
1095_3295,96
1095_3296,99
1095_3297,99
1095_3298,101
1095_3299,101
1095_3300,100
1095_3301,98
1095_3302,101
1095_3303,99
1095_3304,99
1095_3305,99
1095_3306,102
1095_3307,103
1095_3308,102
1095_3309,100
1095_3310,101
1095_3311,103
1095_3312,100
1095_3313,102
1095_3314,101
1095_3315,100
1095_3316,100
1095_3317,100
1095_3318,101
1095_3319,99
1095_3320,100
1095_3321,100
1095_3322,100
1095_3323,103
1095_3324,102
1095_3325,100
1095_3326,101
1095_3327,100
1095_3328,102
1095_3329,99
1095_3330,99
1095_3331,100
1095_3332,103
1095_3333,102
1095_3334,100
1095_3335,101
1095_3336,100
1095_3337,100
1095_3338,101
1095_3339,97
1095_3340,103
1095_3341,101
1095_3342,100
1095_3343,101
1095_3344,101
1095_3345,99
1095_3346,100
1095_3347,101
1095_3348,97
1095_3349,102
1095_3350,100
1095_3351,99
1095_3352,102
1095_3353,102
1095_3354,101
1095_3355,103
1095_3356,100
1095_3357,99
1095_3358,99
1095_3359,100
1095_3360,98
1095_3361,102
1095_3362,100
1095_3363,103
1095_3364,101
1095_3365,101
1095_3366,99
1095_3367,99
1095_3368,100
1095_3369,98
1095_3370,100
1095_3371,100
1095_3372,102
1095_3373,101
1095_3374,100
1095_3375,101
1095_3376,99
1095_3377,100
1095_3378,99
1095_3379,101
1095_3380,102
1095_3381,100
1095_3382,100
1095_3383,100
1095_3384,101
1095_3385,102
1095_3386,100
1095_3387,100
1095_3388,101
1095_3389,100
1095_3390,101
1095_3391,99
1095_3392,100
1095_3393,99
1095_3394,96
1095_3395,101
1095_3396,99
1095_3397,99
1095_3398,100
1095_3399,100
1095_3400,104
1095_3401,101
1095_3402,101
1095_3403,99
1095_3404,102
1095_3405,101
1095_3406,100
1095_3407,101
1095_3408,98
1095_3409,101
1095_3410,101
1095_3411,98
1095_3412,100
1095_3413,100
1095_3414,99
1095_3415,100
1095_3416,98
1095_3417,99
1095_3418,99
1095_3419,101
1095_3420,98
1095_3421,98
1095_3422,99
1095_3423,102
1095_3424,100
1095_3425,100
1095_3426,96
1095_3427,99
1095_3428,103
1095_3429,100
1095_3430,100
1095_3431,100
1095_3432,99
1095_3433,100
1095_3434,100
1095_3435,101
1095_3436,99
1095_3437,99
1095_3438,100
1095_3439,100
1095_3440,102
1095_3441,101
1095_3442,101
1095_3443,101
1095_3444,100
1095_3445,101
1095_3446,100
1095_3447,100
1095_3448,101
1095_3449,99
1095_3450,101
1095_3451,99
1095_3452,101
1095_3453,99
1095_3454,101
1095_3455,101
1095_3456,99
1095_3457,98
1095_3458,101
1095_3459,99
1095_3460,100
1095_3461,100
1095_3462,99
1095_3463,98
1095_3464,98
1095_3465,100
1095_3466,100
1095_3467,100
1095_3468,101
1095_3469,102
1095_3470,101
1095_3471,102
1095_3472,103
1095_3473,100
1095_3474,100
1095_3475,101
1095_3476,100
1095_3477,98
1095_3478,98
1095_3479,99
1095_3480,99
1095_3481,98
1095_3482,101
1095_3483,99
1095_3484,98
1095_3485,96
1095_3486,101
1095_3487,102
1095_3488,100
1095_3489,101
1095_3490,102
1095_3491,100
1095_3492,100
1095_3493,102
1095_3494,99
1095_3495,99
1095_3496,99
1095_3497,99
1095_3498,100
1095_3499,100
1095_3500,100
1095_3501,99
1095_3502,99
1095_3503,100
1095_3504,102
1095_3505,102
1095_3506,103
1095_3507,102
1095_3508,100
1095_3509,99
1095_3510,98
1095_3511,100
1095_3512,98
1095_3513,100
1095_3514,100
1095_3515,99
1095_3516,99
1095_3517,101
1095_3518,100
1095_3519,99
1095_3520,100
1095_3521,99
1095_3522,101
1095_3523,101
1095_3524,98
1095_3525,100
1095_3526,98
1095_3527,99
1095_3528,100
1095_3529,98
1095_3530,102
1095_3531,101
1095_3532,99
1095_3533,102
1095_3534,97
1095_3535,101
1095_3536,98
1095_3537,101
1095_3538,102
1095_3539,101
1095_3540,103
1095_3541,101
1095_3542,101
1095_3543,99
1095_3544,102
1095_3545,99
1095_3546,99
1095_3547,99
1095_3548,101
1095_3549,101
1095_3550,99
1095_3551,100
1095_3552,101
1095_3553,103
1095_3554,101
1095_3555,100
1095_3556,100
1095_3557,100
1095_3558,96
1095_3559,99
1095_3560,100
1095_3561,99
1095_3562,99
1095_3563,99
1095_3564,99
1095_3565,98
1095_3566,100
1095_3567,101
1095_3568,101
1095_3569,101
1095_3570,101
1095_3571,100
1095_3572,101
1095_3573,102
1095_3574,100
1095_3575,101
1095_3576,102
1095_3577,100
1095_3578,99
1095_3579,98
1095_3580,100
1095_3581,100
1095_3582,101
1095_3583,100
1095_3584,100
1095_3585,100
1095_3586,100
1095_3587,104
1095_3588,100
1095_3589,101
1095_3590,98
1095_3591,101
1095_3592,103
1095_3593,104
1095_3594,100
1095_3595,103
1095_3596,100
1095_3597,99
1095_3598,99
1095_3599,100
1095_3600,99
1095_3601,99
1095_3602,101
1095_3603,100
1095_3604,102
1095_3605,98
1095_3606,99
1095_3607,99
1095_3608,102
1095_3609,100
1095_3610,103
1095_3611,99
1095_3612,101
1095_3613,98
1095_3614,102
1095_3615,99
1095_3616,100
1095_3617,99
1095_3618,101
1095_3619,100
1095_3620,102
1095_3621,101
1095_3622,99
1095_3623,100
1095_3624,99
1095_3625,102
1095_3626,99
1095_3627,99
1095_3628,102
1095_3629,103
1095_3630,100
1095_3631,101
1095_3632,100
1095_3633,99
1095_3634,99
1095_3635,101
1095_3636,102
1095_3637,101
1095_3638,101
1095_3639,100
1095_3640,98
1095_3641,100
1095_3642,100
1095_3643,97
1095_3644,99
1095_3645,101
1095_3646,100
1095_3647,98
1095_3648,95
1095_3649,104
1095_3650,100
1095_3651,100
1095_3652,98
1095_3653,100
1095_3654,99
1095_3655,99
1095_3656,98
1095_3657,101
1095_3658,100
1095_3659,102
1095_3660,100
1095_3661,100
1095_3662,102
1095_3663,103
1095_3664,99
1095_3665,99
1095_3666,101
1095_3667,97
1095_3668,101
1095_3669,102
1095_3670,98
1095_3671,102
1095_3672,99
1095_3673,100
1095_3674,102
1095_3675,101
1095_3676,99
1095_3677,101
1095_3678,98
1095_3679,101
1095_3680,100
1095_3681,100
1095_3682,101
1095_3683,103
1095_3684,99
1095_3685,98
1095_3686,101
1095_3687,100
1095_3688,98
1095_3689,99
1095_3690,98
1095_3691,99
1095_3692,100
1095_3693,102
1095_3694,98
1095_3695,100
1095_3696,101
1095_3697,98
1095_3698,100
1095_3699,101
1095_3700,98
1095_3701,100
1095_3702,98
1095_3703,103
1095_3704,102
1095_3705,100
1095_3706,103
1095_3707,101
1095_3708,102
1095_3709,102
1095_3710,99
1095_3711,101
1095_3712,101
1095_3713,99
1095_3714,99
1095_3715,98
1095_3716,100
1095_3717,99
1095_3718,99
1095_3719,98
1095_3720,99
1095_3721,99
1095_3722,99
1095_3723,100
1095_3724,99
1095_3725,101
1095_3726,100
1095_3727,98
1095_3728,101
1095_3729,99
1095_3730,99
1095_3731,97
1095_3732,100
1095_3733,102
1095_3734,102
1095_3735,101
1095_3736,98
1095_3737,100
1095_3738,100
1095_3739,100
1095_3740,98
1095_3741,100
1095_3742,100
1095_3743,99
1095_3744,99
1095_3745,100
1095_3746,100
1095_3747,96
1095_3748,102
1095_3749,100
1095_3750,101
1095_3751,100
1095_3752,100
1095_3753,101
1095_3754,101
1095_3755,98
1095_3756,100
1095_3757,98
1095_3758,102
1095_3759,99
1095_3760,98
1095_3761,101
1095_3762,103
1095_3763,98
1095_3764,100
1095_3765,101
1095_3766,103
1095_3767,102
1095_3768,97
1095_3769,99
1095_3770,98
1095_3771,101
1095_3772,102
1095_3773,103
1095_3774,101
1095_3775,99
1095_3776,102
1095_3777,98
1095_3778,101
1095_3779,99
1095_3780,98
1095_3781,101
1095_3782,100
1095_3783,102
1095_3784,102
1095_3785,95
1095_3786,101
1095_3787,98
1095_3788,104
1095_3789,100
1095_3790,101
1095_3791,99
1095_3792,99
1095_3793,99
1095_3794,101
1095_3795,100
1095_3796,101
1095_3797,99
1095_3798,97
1095_3799,100
1095_3800,102
1095_3801,100
1095_3802,98
1095_3803,100
1095_3804,100
1095_3805,97
1095_3806,102
1095_3807,101
1095_3808,99
1095_3809,101
1095_3810,99
1095_3811,100
1095_3812,102
1095_3813,102
1095_3814,100
1095_3815,102
1095_3816,102
1095_3817,102
1095_3818,101
1095_3819,102
1095_3820,97
1095_3821,100
1095_3822,100
1095_3823,98
1095_3824,103
1095_3825,101
1095_3826,104
1095_3827,99
1095_3828,98
1095_3829,98
1095_3830,101
1095_3831,101
1095_3832,103
1095_3833,99
1095_3834,100
1095_3835,102
1095_3836,97
1095_3837,100
1095_3838,99
1095_3839,98
1095_3840,100
1095_3841,102
1095_3842,98
1095_3843,100
1095_3844,102
1095_3845,97
1095_3846,101
1095_3847,97
1095_3848,99
1095_3849,102
1095_3850,99
1095_3851,100
1095_3852,100
1095_3853,99
1095_3854,97
1095_3855,99
1095_3856,101
1095_3857,99
1095_3858,99
1095_3859,102
1095_3860,97
1095_3861,98
1095_3862,98
1095_3863,101
1095_3864,100
1095_3865,102
1095_3866,100
1095_3867,100
1095_3868,100
1095_3869,98
1095_3870,101
1095_3871,102
1095_3872,97
1095_3873,101
1095_3874,100
1095_3875,100
1095_3876,101
1095_3877,99
1095_3878,99
1095_3879,99
1095_3880,99
1095_3881,100
1095_3882,99
1095_3883,100
1095_3884,98
1095_3885,100
1095_3886,99
1095_3887,100
1095_3888,99
1095_3889,101
1095_3890,100
1095_3891,101
1095_3892,102
1095_3893,97
1095_3894,100
1095_3895,99
1095_3896,101
1095_3897,103
1095_3898,98
1095_3899,101
1095_3900,98
1095_3901,101
1095_3902,101
1095_3903,101
1095_3904,101
1095_3905,101
1095_3906,99
1095_3907,100
1095_3908,100
1095_3909,99
1095_3910,100
1095_3911,101
1095_3912,99
1095_3913,101
1095_3914,99
1095_3915,101
1095_3916,98
1095_3917,101
1095_3918,99
1095_3919,103
1095_3920,101
1095_3921,101
1095_3922,103
1095_3923,101
1095_3924,99
1095_3925,98
1095_3926,101
1095_3927,100
1095_3928,98
1095_3929,99
1095_3930,100
1095_3931,99
1095_3932,100
1095_3933,102
1095_3934,98
1095_3935,97
1095_3936,102
1095_3937,102
1095_3938,101
1095_3939,102
1095_3940,99
1095_3941,98
1095_3942,103
1095_3943,98
1095_3944,100
1095_3945,99
1095_3946,100
1095_3947,100
1095_3948,99
1095_3949,103
1095_3950,98
1095_3951,102
1095_3952,100
1095_3953,99
1095_3954,101
1095_3955,103
1095_3956,99
1095_3957,99
1095_3958,101
1095_3959,99
1095_3960,100
1095_3961,100
1095_3962,100
1095_3963,99
1095_3964,100
1095_3965,99
1095_3966,99
1095_3967,101
1095_3968,102
1095_3969,100
1095_3970,99
1095_3971,102
1095_3972,101
1095_3973,100
1095_3974,102
1095_3975,100
1095_3976,100
1095_3977,99
1095_3978,98
1095_3979,98
1095_3980,103
1095_3981,103
1095_3982,99
1095_3983,99
1095_3984,101
1095_3985,100
1095_3986,101
1095_3987,99
1095_3988,101
1095_3989,100
1095_3990,99
1095_3991,99
1095_3992,102
1095_3993,100
1095_3994,101
1095_3995,99
1095_3996,102
1095_3997,104
1095_3998,101
1095_3999,100
1095_4000,101
1095_4001,100
1095_4002,99
1095_4003,101
1095_4004,100
1095_4005,101
1095_4006,101
1095_4007,99
1095_4008,101
1095_4009,97
1095_4010,100
1095_4011,101
1095_4012,102
1095_4013,101
1095_4014,100
1095_4015,100
1095_4016,101
1095_4017,98
1095_4018,101
1095_4019,100
1095_4020,98
1095_4021,98
1095_4022,99
1095_4023,100
1095_4024,101
1095_4025,101
1095_4026,102
1095_4027,100
1095_4028,100
1095_4029,103
1095_4030,99
1095_4031,100
1095_4032,101
1095_4033,97
1095_4034,101
1095_4035,101
1095_4036,99
1095_4037,102
1095_4038,102
1095_4039,98
1095_4040,103
1095_4041,102
1095_4042,98
1095_4043,101
1095_4044,100
1095_4045,100
1095_4046,101
1095_4047,98
1095_4048,99
1095_4049,100
1095_4050,102
1095_4051,100
1095_4052,101
1095_4053,97
1095_4054,100
1095_4055,100
1095_4056,97
1095_4057,100
1095_4058,99
1095_4059,96
1095_4060,101
1095_4061,98
1095_4062,99
1095_4063,99
1095_4064,98
1095_4065,99
1095_4066,100
1095_4067,98
1095_4068,100
1095_4069,101
1095_4070,100
1095_4071,99
1095_4072,100
1095_4073,102
1095_4074,97
1095_4075,101
1095_4076,101
1095_4077,100
1095_4078,102
1095_4079,102
1095_4080,101
1095_4081,97
1095_4082,102
1095_4083,102
1095_4084,99
1095_4085,98
1095_4086,100
1095_4087,100
1095_4088,102
1095_4089,100
1095_4090,100
1095_4091,102
1095_4092,103
1095_4093,101
1095_4094,100
1095_4095,101
1095_4096,100
1095_4097,103
1095_4098,100
1095_4099,98
1095_4100,98
1095_4101,101
1095_4102,101
1095_4103,98
1095_4104,101
1095_4105,100
1095_4106,100
1095_4107,99
1095_4108,100
1095_4109,100
1095_4110,103
1095_4111,101
1095_4112,100
1095_4113,101
1095_4114,101
1095_4115,100
1095_4116,100
1095_4117,98
1095_4118,102
1095_4119,98
1095_4120,99
1095_4121,101
1095_4122,100
1095_4123,101
1095_4124,100
1095_4125,101
1095_4126,100
1095_4127,102
1095_4128,99
1095_4129,98
1095_4130,99
1095_4131,101
1095_4132,98
1095_4133,103
1095_4134,100
1095_4135,100
1095_4136,101
1095_4137,101
1095_4138,101
1095_4139,100
1095_4140,102
1095_4141,103
1095_4142,100
1095_4143,100
1095_4144,101
1095_4145,100
1095_4146,97
1095_4147,102
1095_4148,101
1095_4149,102
1095_4150,101
1095_4151,101
1095_4152,98
1095_4153,98
1095_4154,99
1095_4155,100
1095_4156,100
1095_4157,99
1095_4158,101
1095_4159,98
1095_4160,99
1095_4161,101
1095_4162,99
1095_4163,97
1095_4164,98
1095_4165,100
1095_4166,103
1095_4167,101
1095_4168,100
1095_4169,99
1095_4170,101
1095_4171,102
1095_4172,98
1095_4173,101
1095_4174,99
1095_4175,97
1095_4176,101
1095_4177,101
1095_4178,101
1095_4179,99
1095_4180,100
1095_4181,97
1095_4182,100
1095_4183,100
1095_4184,100
1095_4185,102
1095_4186,98
1095_4187,101
1095_4188,101
1095_4189,98
1095_4190,99
1095_4191,100
1095_4192,101
1095_4193,102
1095_4194,99
1095_4195,101
1095_4196,101
1095_4197,100
1095_4198,101
1095_4199,100
1095_4200,102
1095_4201,101
1095_4202,101
1095_4203,99
1095_4204,100
1095_4205,98
1095_4206,100
1095_4207,99
1095_4208,100
1095_4209,102
1095_4210,99
1095_4211,99
1095_4212,100
1095_4213,101
1095_4214,100
1095_4215,102
1095_4216,99
1095_4217,101
1095_4218,99
1095_4219,99
1095_4220,98
1095_4221,100
1095_4222,101
1095_4223,98
1095_4224,98
1095_4225,100
1095_4226,101
1095_4227,98
1095_4228,100
1095_4229,101
1095_4230,102
1095_4231,100
1095_4232,101
1095_4233,98
1095_4234,99
1095_4235,101
1095_4236,99
1095_4237,99
1095_4238,100
1095_4239,100
1095_4240,100
1095_4241,100
1095_4242,101
1095_4243,99
1095_4244,101
1095_4245,99
1095_4246,102
1095_4247,99
1095_4248,100
1095_4249,101
1095_4250,99
1095_4251,103
1095_4252,101
1095_4253,98
1095_4254,99
1095_4255,100
1095_4256,103
1095_4257,98
1095_4258,101
1095_4259,100
1095_4260,98
1095_4261,100
1095_4262,102
1095_4263,99
1095_4264,100
1095_4265,100
1095_4266,100
1095_4267,102
1095_4268,101
1095_4269,97
1095_4270,102
1095_4271,101
1095_4272,101
1095_4273,102
1095_4274,99
1095_4275,104
1095_4276,100
1095_4277,96
1095_4278,102
1095_4279,98
1095_4280,100
1095_4281,101
1095_4282,99
1095_4283,100
1095_4284,99
1095_4285,98
1095_4286,99
1095_4287,99
1095_4288,99
1095_4289,100
1095_4290,96
1095_4291,99
1095_4292,99
1095_4293,102
1095_4294,101
1095_4295,101
1095_4296,100
1095_4297,98
1095_4298,101
1095_4299,101
1095_4300,98
1095_4301,102
1095_4302,99
1095_4303,100
1095_4304,102
1095_4305,100
1095_4306,99
1095_4307,99
1095_4308,102
1095_4309,102
1095_4310,98
1095_4311,99
1095_4312,101
1095_4313,99
1095_4314,99
1095_4315,98
1095_4316,98
1095_4317,102
1095_4318,100
1095_4319,101
1095_4320,98
1095_4321,101
1095_4322,99
1095_4323,99
1095_4324,101
1095_4325,99
1095_4326,102
1095_4327,99
1095_4328,101
1095_4329,101
1095_4330,98
1095_4331,98
1095_4332,99
1095_4333,97
1095_4334,100
1095_4335,100
1095_4336,102
1095_4337,103
1095_4338,99
1095_4339,101
1095_4340,98
1095_4341,98
1095_4342,102
1095_4343,99
1095_4344,98
1095_4345,100
1095_4346,98
1095_4347,100
1095_4348,100
1095_4349,100
1095_4350,102
1095_4351,100
1095_4352,102
1095_4353,99
1095_4354,100
1095_4355,101
1095_4356,102
1095_4357,98
1095_4358,101
1095_4359,98
1095_4360,100
1095_4361,100
1095_4362,101
1095_4363,100
1095_4364,102
1095_4365,98
1095_4366,99
1095_4367,102
1095_4368,101
1095_4369,100
1095_4370,100
1095_4371,101
1095_4372,99
1095_4373,101
1095_4374,100
1095_4375,98
1095_4376,98
1095_4377,100
1095_4378,101
1095_4379,102
1095_4380,102
1095_4381,100
1095_4382,99
1095_4383,99
1095_4384,98
1095_4385,100
1095_4386,102
1095_4387,101
1095_4388,97
1095_4389,100
1095_4390,100
1095_4391,103
1095_4392,99
1095_4393,99
1095_4394,100
1095_4395,102
1095_4396,101
1095_4397,99
1095_4398,99
1095_4399,98
1095_4400,98
1095_4401,101
1095_4402,99
1095_4403,103
1095_4404,102
1095_4405,101
1095_4406,99
1095_4407,103
1095_4408,102
1095_4409,97
1095_4410,100
1095_4411,103
1095_4412,100
1095_4413,101
1095_4414,99
1095_4415,101
1095_4416,102
1095_4417,99
1095_4418,99
1095_4419,101
1095_4420,99
1095_4421,99
1095_4422,101
1095_4423,99
1095_4424,98
1095_4425,101
1095_4426,101
1095_4427,99
1095_4428,99
1095_4429,99
1095_4430,100
1095_4431,99
1095_4432,98
1095_4433,98
1095_4434,101
1095_4435,103
1095_4436,97
1095_4437,100
1095_4438,103
1095_4439,100
1095_4440,98
1095_4441,99
1095_4442,101
1095_4443,102
1095_4444,100
1095_4445,98
1095_4446,100
1095_4447,100
1095_4448,101
1095_4449,102
1095_4450,99
1095_4451,101
1095_4452,100
1095_4453,101
1095_4454,101
1095_4455,101
1095_4456,101
1095_4457,100
1095_4458,102
1095_4459,101
1095_4460,99
1095_4461,99
1095_4462,102
1095_4463,100
1095_4464,99
1095_4465,98
1095_4466,101
1095_4467,101
1095_4468,100
1095_4469,99
1095_4470,99
1095_4471,100
1095_4472,100
1095_4473,100
1095_4474,100
1095_4475,102
1095_4476,98
1095_4477,99
1095_4478,101
1095_4479,103
1095_4480,98
1095_4481,99
1095_4482,97
1095_4483,100
1095_4484,98
1095_4485,101
1095_4486,100
1095_4487,98
1095_4488,100
1095_4489,100
1095_4490,101
1095_4491,100
1095_4492,103
1095_4493,101
1095_4494,97
1095_4495,102
1095_4496,100
1095_4497,100
1095_4498,100
1095_4499,100
1095_4500,103
1095_4501,101
1095_4502,99
1095_4503,98
1095_4504,99
1095_4505,100
1095_4506,101
1095_4507,99
1095_4508,99
1095_4509,100
1095_4510,100
1095_4511,99
1095_4512,101
1095_4513,101
1095_4514,102
1095_4515,98
1095_4516,98
1095_4517,101
1095_4518,101
1095_4519,100
1095_4520,101
1095_4521,101
1095_4522,99
1095_4523,99
1095_4524,99
1095_4525,99
1095_4526,101
1095_4527,99
1095_4528,103
1095_4529,100
1095_4530,100
1095_4531,101
1095_4532,98
1095_4533,101
1095_4534,98
1095_4535,101
1095_4536,99
1095_4537,100
1095_4538,102
1095_4539,98
1095_4540,98
1095_4541,100
1095_4542,101
1095_4543,101
1095_4544,100
1095_4545,101
1095_4546,97
1095_4547,102
1095_4548,97
1095_4549,99
1095_4550,102
1095_4551,99
1095_4552,101
1095_4553,100
1095_4554,102
1095_4555,100
1095_4556,98
1095_4557,98
1095_4558,101
1095_4559,100
1095_4560,102
1095_4561,98
1095_4562,101
1095_4563,100
1095_4564,100
1095_4565,99
1095_4566,99
1095_4567,100
1095_4568,99
1095_4569,101
1095_4570,100
1095_4571,99
1095_4572,100
1095_4573,99
1095_4574,99
1095_4575,101
1095_4576,99
1095_4577,100
1095_4578,98
1095_4579,99
1095_4580,100
1095_4581,100
1095_4582,99
1095_4583,102
1095_4584,99
1095_4585,100
1095_4586,103
1095_4587,100
1095_4588,97
1095_4589,100
1095_4590,99
1095_4591,101
1095_4592,100
1095_4593,100
1095_4594,100
1095_4595,102
1095_4596,100
1095_4597,101
1095_4598,99
1095_4599,102
1095_4600,100
1095_4601,100
1095_4602,96
1095_4603,101
1095_4604,100
1095_4605,100
1095_4606,98
1095_4607,100
1095_4608,97
1095_4609,100
1095_4610,98
1095_4611,99
1095_4612,101
1095_4613,101
1095_4614,100
1095_4615,99
1095_4616,102
1095_4617,99
1095_4618,100
1095_4619,100
1095_4620,100
1095_4621,101
1095_4622,98
1095_4623,98
1095_4624,99
1095_4625,101
1095_4626,96
1095_4627,101
1095_4628,101
1095_4629,99
1095_4630,101
1095_4631,100
1095_4632,104
1095_4633,99
1095_4634,103
1095_4635,102
1095_4636,101
1095_4637,100
1095_4638,101
1095_4639,102
1095_4640,102
1095_4641,101
1095_4642,98
1095_4643,104
1095_4644,98
1095_4645,98
1095_4646,99
1095_4647,99
1095_4648,101
1095_4649,100
1095_4650,97
1095_4651,100
1095_4652,98
1095_4653,97
1095_4654,97
1095_4655,101
1095_4656,99
1095_4657,101
1095_4658,101
1095_4659,97
1095_4660,100
1095_4661,101
1095_4662,100
1095_4663,99
1095_4664,102
1095_4665,101
1095_4666,99
1095_4667,100
1095_4668,101
1095_4669,102
1095_4670,100
1095_4671,98
1095_4672,99
1095_4673,101
1095_4674,101
1095_4675,99
1095_4676,104
1095_4677,100
1095_4678,98
1095_4679,103
1095_4680,102
1095_4681,99
1095_4682,101
1095_4683,101
1095_4684,100
1095_4685,98
1095_4686,100
1095_4687,100
1095_4688,100
1095_4689,101
1095_4690,98
1095_4691,100
1095_4692,101
1095_4693,100
1095_4694,102
1095_4695,100
1095_4696,102
1095_4697,98
1095_4698,100
1095_4699,100
1095_4700,101
1095_4701,98
1095_4702,101
1095_4703,99
1095_4704,101
1095_4705,101
1095_4706,98
1095_4707,101
1095_4708,99
1095_4709,99
1095_4710,98
1095_4711,99
1095_4712,100
1095_4713,103
1095_4714,99
1095_4715,100
1095_4716,100
1095_4717,100
1095_4718,98
1095_4719,102
1095_4720,99
1095_4721,97
1095_4722,104
1095_4723,99
1095_4724,99
1095_4725,101
1095_4726,102
1095_4727,98
1095_4728,99
1095_4729,100
1095_4730,97
1095_4731,99
1095_4732,100
1095_4733,102
1095_4734,101
1095_4735,100
1095_4736,100
1095_4737,97
1095_4738,97
1095_4739,100
1095_4740,99
1095_4741,100
1095_4742,99
1095_4743,99
1095_4744,100
1095_4745,101
1095_4746,98
1095_4747,101
1095_4748,99
1095_4749,100
1095_4750,100
1095_4751,99
1095_4752,100
1095_4753,98
1095_4754,102
1095_4755,98
1095_4756,96
1095_4757,101
1095_4758,101
1095_4759,101
1095_4760,96
1095_4761,101
1095_4762,98
1095_4763,98
1095_4764,100
1095_4765,101
1095_4766,102
1095_4767,101
1095_4768,100
1095_4769,99
1095_4770,98
1095_4771,102
1095_4772,102
1095_4773,99
1095_4774,101
1095_4775,101
1095_4776,100
1095_4777,102
1095_4778,101
1095_4779,100
1095_4780,99
1095_4781,100
1095_4782,99
1095_4783,102
1095_4784,102
1095_4785,100
1095_4786,102
1095_4787,100
1095_4788,99
1095_4789,99
1095_4790,101
1095_4791,102
1095_4792,98
1095_4793,102
1095_4794,100
1095_4795,101
1095_4796,102
1095_4797,101
1095_4798,99
1095_4799,101
1095_4800,98
1095_4801,97
1095_4802,102
1095_4803,98
1095_4804,104
1095_4805,101
1095_4806,101
1095_4807,100
1095_4808,104
1095_4809,99
1095_4810,100
1095_4811,100
1095_4812,97
1095_4813,100
1095_4814,101
1095_4815,100
1095_4816,99
1095_4817,100
1095_4818,99
1095_4819,100
1095_4820,100
1095_4821,99
1095_4822,99
1095_4823,100
1095_4824,104
1095_4825,99
1095_4826,102
1095_4827,98
1095_4828,100
1095_4829,99
1095_4830,100
1095_4831,101
1095_4832,100
1095_4833,100
1095_4834,101
1095_4835,99
1095_4836,101
1095_4837,97
1095_4838,101
1095_4839,98
1095_4840,101
1095_4841,100
1095_4842,100
1095_4843,98
1095_4844,102
1095_4845,100
1095_4846,101
1095_4847,102
1095_4848,100
1095_4849,98
1095_4850,99
1095_4851,99
1095_4852,102
1095_4853,97
1095_4854,101
1095_4855,99
1095_4856,101
1095_4857,97
1095_4858,97
1095_4859,98
1095_4860,97
1095_4861,103
1095_4862,102
1095_4863,100
1095_4864,100
1095_4865,99
1095_4866,102
1095_4867,99
1095_4868,100
1095_4869,98
1095_4870,102
1095_4871,98
1095_4872,99
1095_4873,102
1095_4874,101
1095_4875,100
1095_4876,102
1095_4877,100
1095_4878,101
1095_4879,101
1095_4880,99
1095_4881,98
1095_4882,100
1095_4883,102
1095_4884,102
1095_4885,99
1095_4886,98
1095_4887,99
1095_4888,101
1095_4889,99
1095_4890,99
1095_4891,99
1095_4892,99
1095_4893,101
1095_4894,102
1095_4895,97
1095_4896,101
1095_4897,98
1095_4898,99
1095_4899,101
1095_4900,101
1095_4901,100
1095_4902,100
1095_4903,102
1095_4904,100
1095_4905,102
1095_4906,100
1095_4907,100
1095_4908,100
1095_4909,102
1095_4910,101
1095_4911,101
1095_4912,100
1095_4913,100
1095_4914,100
1095_4915,99
1095_4916,102
1095_4917,99
1095_4918,102
1095_4919,97
1095_4920,98
1095_4921,100
1095_4922,99
1095_4923,99
1095_4924,100
1095_4925,103
1095_4926,99
1095_4927,100
1095_4928,99
1095_4929,102
1095_4930,99
1095_4931,98
1095_4932,99
1095_4933,101
1095_4934,100
1095_4935,100
1095_4936,102
1095_4937,101
1095_4938,101
1095_4939,98
1095_4940,103
1095_4941,100
1095_4942,100
1095_4943,102
1095_4944,101
1095_4945,98
1095_4946,99
1095_4947,101
1095_4948,100
1095_4949,97
1095_4950,100
1095_4951,101
1095_4952,100
1095_4953,101
1095_4954,102
1095_4955,102
1095_4956,100
1095_4957,99
1095_4958,100
1095_4959,102
1095_4960,100
1095_4961,97
1095_4962,99
1095_4963,99
1095_4964,101
1095_4965,102
1095_4966,100
1095_4967,97
1095_4968,102
1095_4969,101
1095_4970,103
1095_4971,103
1095_4972,99
1095_4973,98
1095_4974,100
1095_4975,101
1095_4976,101
1095_4977,102
1095_4978,99
1095_4979,100
1095_4980,102
1095_4981,99
1095_4982,100
1095_4983,103
1095_4984,101
1095_4985,98
1095_4986,101
1095_4987,100
1095_4988,100
1095_4989,102
1095_4990,102
1095_4991,101
1095_4992,101
1095_4993,103
1095_4994,101
1095_4995,101
1095_4996,101
1095_4997,101
1095_4998,101
1095_4999,102
1095_5000,100
1095_5001,99
1095_5002,100
1095_5003,101
1095_5004,98
1095_5005,101
1095_5006,100
1095_5007,101
1095_5008,100
1095_5009,101
1095_5010,100
1095_5011,97
1095_5012,101
1095_5013,101
1095_5014,100
1095_5015,99
1095_5016,101
1095_5017,100
1095_5018,97
1095_5019,102
1095_5020,98
