TIME,European Union - 27 countries (from 2020),Belgium,Bulgaria,Czechia,Denmark,Germany,Estonia,Ireland,Greece,Spain,France,Croatia,Italy,Cyprus,Latvia,Lithuania,Luxembourg,Hungary,Malta,Netherlands,Austria,Poland,Portugal,Romania,Slovenia,Slovakia,Finland,Sweden,Iceland,Norway,United Kingdom
2008-01-01,2012060,70311,18585,47394,24218,404572,3539,20473,16246,159409,247996,11085,400889,0,8997,15517,5900,71744,0,229443,41460,67054,18859,66938,4543,32800,19192,4896,0,29053,454430
2008-02-01,1754306,60862,15746,40149,20636,337862,3526,19761,15292,154971,223965,11600,374828,0,7407,13731,5450,59505,0,172730,36360,60202,16135,51604,4127,26358,17197,4302,0,-1403,421590
2008-03-01,1736092,59073,13978,40354,21495,388146,4508,20354,15040,141101,226395,11630,321945,0,7162,13880,5649,54933,0,171398,34316,61397,16353,54080,4089,26540,17875,4401,0,27074,426802
2008-04-01,1372621,51686,10329,27020,16334,315796,3670,17979,11418,127766,156726,9225,254812,0,4567,10084,4355,40081,0,135279,27458,50039,14654,47718,3332,15313,14085,2895,0,23597,355178
2008-05-01,1041214,33627,10702,16660,11295,234408,2748,17979,12974,127714,82341,7246,197740,0,3113,8000,2390,27045,0,93596,18052,40185,17060,47867,2915,10987,12648,1922,0,53769,297683
2008-06-01,967959,34456,9393,12320,7261,211481,1873,14532,14420,125193,76007,7317,195719,0,2723,6363,2131,24690,0,85865,17364,33339,16348,42110,2688,10850,11531,1985,0,20843,257696
2008-07-01,979177,31833,8952,12156,9625,197662,1583,14532,16170,134021,74869,7683,209817,0,2811,6996,2439,24622,0,86332,17212,32909,17765,45567,2082,7109,12774,1656,0,22207,249827
2008-08-01,892583,29829,8440,11648,10692,194556,935,14890,13897,118843,58067,7587,163982,0,2608,8223,3516,22404,0,87165,16502,32566,15306,45385,1969,8224,13292,2057,0,38086,228892
2008-09-01,1100342,38841,8454,19144,11070,254304,956,14295,13718,123964,80763,8128,216484,0,3794,8261,4150,29798,0,106258,23479,41423,16460,43957,3029,11339,16000,2273,0,7360,235299
2008-10-01,1338112,45897,8090,27484,14758,302844,3526,1544,11389,130355,151844,9607,239839,0,5056,9898,4729,38914,0,159103,31493,49003,14512,37598,3483,16851,17197,3098,0,16463,316027
2008-11-01,1548783,53963,9868,34886,18477,353101,1812,2257,10635,139768,207325,11789,290856,0,6509,10307,4903,48649,0,156505,33509,52938,14845,38065,3218,23224,17277,4097,0,29709,364244
2008-12-01,1810462,66385,13136,41807,21513,385763,5203,20591,11959,135108,258163,12955,362597,0,7269,9414,3516,60502,0,191056,38692,60719,13906,39014,3370,27239,15763,4822,0,11787,422146
2009-01-01,1990572,75284,9490,52397,23377,425855,3099,20394,11804,142235,283874,11354,396964,0,7965,10754,6329,66265,0,211148,45452,68331,15992,46611,3938,27598,17920,6142,0,11863,443824
2009-02-01,1710927,72098,11252,42073,21405,373517,2948,18453,9844,117869,237859,10805,336689,0,7737,11238,5113,54889,0,174264,39028,58854,11272,42587,3521,25513,16504,5595,0,15466,377682
2009-03-01,1539568,64275,10806,36976,18003,335633,3537,17820,8735,116755,205977,9891,286055,0,6643,10828,4938,48219,0,156237,34793,58764,16664,41169,3143,22556,15936,5215,0,7330,352455
2009-04-01,1041608,42792,7044,15842,12905,238776,2562,17028,8211,112160,117357,7481,182955,0,3231,7926,3826,23599,0,101959,19068,41384,14835,31461,2007,11161,13055,2983,0,14757,267963
2009-05-01,905108,32216,5503,13190,11593,208220,1613,16553,10835,107970,82566,6466,162916,0,2315,6251,3607,19610,0,90997,16362,39415,17434,26172,2234,9206,9179,2685,0,12105,242641
2009-06-01,888379,33453,4820,12512,10816,214646,957,14692,10656,117953,68631,4865,160478,0,2668,5545,2866,16816,0,90297,15533,36669,13145,24878,2310,11378,9277,2518,0,26667,180022
2009-07-01,957909,41202,5776,11046,8665,228795,805,13900,12600,126019,65220,6773,185814,0,2155,5023,3476,16517,0,91398,15447,33020,17785,37374,2461,15134,8970,2534,0,17383,199007
2009-08-01,909560,45729,5273,10735,9312,219981,1406,13227,11092,109596,60029,7375,156439,0,2224,5321,3134,16196,0,92063,14047,31813,19556,44703,2499,15890,9555,2365,0,2710,201552
2009-09-01,1006680,47087,6684,12775,9355,229444,811,14732,11974,120955,69344,7146,196140,0,2387,5507,3788,18611,0,104458,18084,32385,19067,41698,2802,16829,11416,3201,0,15085,228032
2009-10-01,1337033,56082,7551,27600,16037,310707,817,16315,13751,116517,131784,9566,242583,0,5067,9303,4691,36029,0,142143,32657,49718,17265,39459,3635,26490,16227,5039,0,12169,283468
2009-11-01,1535445,65202,10253,33838,16801,333824,817,17860,14115,122680,188340,10821,298056,0,6000,10605,4737,46022,0,148641,35231,53471,15725,46646,4089,31494,14825,5352,0,15021,346171
2009-12-01,1984414,85434,12561,43221,23304,435796,2111,21463,14523,142466,264160,12911,371513,0,8640,13173,5247,60031,0,211617,43931,66126,17189,62239,4695,34779,19215,8069,0,15695,449854
2010-01-01,2217102,87443,14392,53854,27979,490862,3001,22453,14288,143300,307937,12498,411023,0,11951,18493,6407,69898,0,243290,49890,78210,15907,57308,4922,40617,22061,9118,0,16821,461737
2010-02-01,1888249,74479,11644,44490,24549,417185,4070,20037,12758,132525,244358,12005,358635,0,8901,15182,5587,58638,0,204918,42006,63131,15943,52451,4316,32941,19550,7950,0,30616,407552
2010-03-01,1695893,72147,12088,38400,22482,385814,3343,21107,12294,128650,228311,11222,330099,0,7919,12466,5450,50185,0,130578,36360,60326,16425,53994,4165,26710,18042,7316,0,17461,402930
2010-04-01,1234200,40573,8930,31611,16132,294184,2819,16949,10469,109262,130988,8042,221742,0,3834,7293,4455,31155,0,129779,27351,44485,14931,41731,2953,14146,14825,5561,0,25162,304653
2010-05-01,1126511,43590,5433,18951,14011,281813,1653,17029,11460,106330,135187,6982,186042,0,2465,5693,3772,22210,0,123371,21143,36832,17827,36189,2650,10903,11081,3894,0,12111,295963
2010-06-01,882410,29221,5418,14776,10110,186698,1016,16474,10243,106817,77463,5909,173127,0,2331,3126,3566,18503,0,92563,17399,32325,17375,33636,2423,9270,9140,3481,0,18405,246215
2010-07-01,885330,34005,5207,11085,7189,191004,659,16157,13436,116408,55625,7511,196673,0,2035,3312,3421,16937,0,89673,16458,29754,19962,25658,2007,9170,8588,3396,0,18059,198538
2010-08-01,765463,28969,5615,12283,6104,141205,659,15880,13211,98871,54834,7465,148933,0,3279,3721,3090,16183,0,90437,15199,31763,17444,25890,1704,10759,10148,1817,0,10535,207912
2010-09-01,1001245,32870,5978,17724,11611,189169,735,16316,10945,112041,87731,8735,190958,0,2991,5395,3781,21645,0,137710,20778,36850,18526,38293,2236,11769,12650,3808,0,17608,224171
2010-10-01,1309670,39753,8399,27298,14511,295657,989,16892,13322,116211,122905,10509,241630,0,5534,11721,4780,40110,0,143809,33543,52252,17620,45386,3107,22345,15256,6131,0,35636,291235
2010-11-01,1597409,60730,9813,33408,20353,343020,1782,20305,11509,135958,207780,10816,296266,0,6576,12614,4999,43727,0,175763,35971,52258,17372,45624,3372,21828,18050,7515,0,26006,381390
2010-12-01,2176814,101454,13974,53991,28589,489989,2307,24470,14682,142091,280993,14043,406528,0,10195,16968,6407,66866,0,240937,48760,76698,17320,57776,4583,25324,21526,10343,0,30835,495290
2011-01-01,2115753,74528,15177,48041,24560,447497,3574,21669,16217,145159,298383,11696,403327,0,8929,15182,6013,63837,0,244402,45807,69913,18175,56506,4053,45104,20156,7848,0,12216,435791
2011-02-01,1838997,60869,13692,44311,23078,402837,3175,17166,15190,128065,247700,12021,342710,0,9674,15219,5387,57784,0,175463,41230,66959,18917,60083,3713,45823,20413,7518,0,33699,348057
2011-03-01,1661629,71810,13201,36572,21080,339119,3654,18557,17861,126559,208442,11467,324726,0,7940,13508,5203,47623,0,164934,37582,60815,19834,53408,3523,28703,18150,7358,0,8536,347757
2011-04-01,1080657,58741,9509,21200,12689,233052,2857,16116,14371,92997,101333,7628,189166,0,3689,9303,3953,27104,0,109556,23763,45538,15920,41841,2196,19833,13915,4387,0,12278,241124
2011-05-01,984804,34183,8271,16341,10558,208920,1694,15241,13944,104208,87221,6733,180328,0,2702,7777,3671,21138,0,103792,21905,39055,20495,49295,2082,8750,12477,4023,0,4055,225961
2011-06-01,868707,29711,6678,12664,8571,181088,991,14761,14074,105328,68052,6488,166038,0,2313,8000,3507,17541,0,94296,15540,33266,16236,45203,1704,5693,8787,2177,0,8998,194934
2011-07-01,827916,30920,6963,12642,7122,145204,727,15754,17293,101815,69240,7158,176442,0,2636,7888,3366,16999,0,92196,15532,34377,16170,26102,1590,9979,8041,1760,0,12678,194636
2011-08-01,759891,29918,7802,11961,8109,131969,738,14912,13483,94837,54639,6884,151067,0,2880,7740,1867,16402,0,94695,14137,34491,16340,23838,1666,7806,9417,2293,0,15705,189791
2011-09-01,857137,32198,4915,13059,9429,134472,722,14003,14225,102067,76850,6728,194044,0,2373,8559,2073,19556,0,96762,17879,36750,17679,30087,1817,8881,9295,2714,0,24510,202520
2011-10-01,1123339,40002,7165,26056,13385,215499,809,14642,14003,104980,123473,10049,210236,0,4243,8745,3033,32156,0,125850,29158,50045,15926,38687,2840,19290,10070,2997,0,12563,248534
2011-11-01,1489452,42834,11340,37479,15836,301691,1715,15641,17098,113100,184386,12738,289141,0,5891,10902,4851,51079,0,156437,39553,59373,15489,51888,3445,30423,12053,5069,0,12671,281186
2011-12-01,1676493,21646,12463,34804,13123,366470,2131,18711,16928,126988,227026,12915,338176,0,6667,13582,5095,53871,0,175630,40587,64879,15979,54060,3332,33057,12946,5427,0,34714,350521
2012-01-01,1825767,33344,14212,43759,13207,384296,3506,18919,20755,141538,233389,11494,386448,0,8026,14140,5383,57562,0,184226,43396,71084,19800,52364,3862,38226,16088,6743,0,10898,360983
2012-02-01,2020798,34263,13841,51474,5011,440985,4003,17182,20460,142445,281196,14504,408966,0,9458,15294,6133,67266,0,206417,51984,77015,18076,60598,4241,45689,17372,6925,0,14918,364908
2012-03-01,1352639,31230,10709,31439,16833,271178,2797,16816,16664,115492,175006,9733,251841,0,6374,12205,4642,38801,0,136312,32794,59923,15511,50683,2764,24761,13708,4423,0,17151,281718
2012-04-01,1186967,30414,7171,23546,15133,281278,2058,15518,10753,101856,144875,8446,201740,0,3624,8521,4463,27614,0,126116,25514,50576,13090,44659,2310,24117,10522,3053,0,12968,270586
2012-05-01,877813,29597,6583,13804,13391,179997,1096,16180,11663,93699,82871,7625,162497,0,2177,6772,3681,19101,0,95095,17348,38870,12999,44789,1742,5249,8736,2251,0,4299,223488
2012-06-01,783133,27044,5809,10804,9052,147278,803,14091,10594,92797,67052,4132,157772,0,2225,7440,3204,16578,0,86066,15431,36752,13255,39353,1590,3992,7892,2127,0,1725,182785
2012-07-01,785394,27594,4442,10822,11371,154293,874,13576,14156,95785,61027,6150,176898,0,2408,7777,3204,17201,0,74537,14510,33006,15418,24739,1666,5030,7063,1847,0,233,161867
2012-08-01,725786,26484,4215,10822,12602,126201,734,14901,11630,87872,44833,4975,157010,0,2740,8968,2470,16040,0,77402,15033,36761,17155,29192,1855,5722,8190,1979,0,14284,151903
2012-09-01,862583,25440,5348,13050,8091,194040,947,14276,12214,93693,71932,5130,168897,0,2329,8373,2471,17631,0,85432,17441,45530,17427,29884,1817,9139,9753,2298,0,6399,163800
2012-10-01,1116051,34471,6558,26002,12857,246379,1778,15962,11699,107309,119063,8061,192634,0,4134,9452,3998,27658,0,121018,28642,51631,15019,36621,2272,18276,11325,3232,0,13438,253066
2012-11-01,1397309,32143,9550,32357,14871,302040,2353,17486,12167,116566,191921,9247,241249,0,4636,10605,4608,37693,0,153372,34811,58189,14998,46964,2726,30521,12307,3929,0,3347,308270
2012-12-01,,34387,,44385,21082,399755,,17843,17803,124997,219469,12156,348691,0,8220,13917,4473,55582,0,173697,44440,73307,14549,57801,3256,39809,16361,,0,109,357778
2013-01-01,1934883,87999,14083,46748,22113,419776,4190,17851,15655,130109,249253,12322,359931,0,8884,14549,5181,56859,0,201819,45846,78634,15959,59839,4051,39189,16817,7226,0,-5006,379206
2013-02-01,1767595,82019,12082,40484,20421,401311,3118,16783,13367,116070,229700,11067,336309,0,6851,11498,5010,46358,0,185858,39521,67885,14439,52088,3785,32061,13109,6401,0,-99,359036
2013-03-01,1804150,81042,11927,41558,20893,489667,4014,19791,11429,110882,210998,11299,304457,0,7866,12986,5168,43252,0,184860,37775,74354,15170,48258,3720,30546,15508,6730,0,733,386157
2013-04-01,1186961,55630,8820,25556,13738,305634,2544,16210,9775,93870,131544,7548,186271,0,4278,8559,3198,25338,0,126534,24765,50139,17217,34732,2466,17001,12074,3520,0,759,274203
2013-05-01,913974,47460,7326,16480,8953,203814,1646,15102,9996,93931,107707,5317,142570,0,2108,6512,2581,15276,0,101893,18269,40293,15604,30819,1785,8497,8155,1880,0,17304,212611
2013-06-01,777299,35785,6558,13232,6964,173574,1327,13810,12492,83027,71714,4608,134836,0,1807,6214,1760,14298,0,81136,14504,37000,16630,27429,1725,8531,6498,1840,0,-7211,173732
2013-07-01,767507,30932,5556,11371,5892,166126,1477,13355,13784,85871,65015,5021,151829,0,2479,5246,1672,13664,0,76736,12808,38203,16752,29459,1696,4524,6496,1543,0,14404,143059
2013-08-01,744436,29240,5114,11480,6665,186775,778,13456,12797,78666,58615,5511,123520,0,2848,6028,1479,13036,0,79035,13474,36512,12940,28885,1725,6023,8072,1762,0,1773,134619
2013-09-01,891427,35450,6029,15545,8469,225635,892,13768,12097,90000,74345,5874,161431,0,3199,5991,2013,16752,0,89864,17851,40871,13775,30644,1926,6996,9362,2648,0,21585,165535
2013-10-01,998650,41922,6743,24878,10768,178595,1550,13901,11025,93065,113266,7587,185585,0,5192,7182,3776,26226,0,111523,25170,51508,13893,36363,2504,12697,11042,2689,0,17361,199272
2013-11-01,1410683,63204,9623,34684,14183,294064,1920,17106,10944,109940,206740,9215,247117,0,5003,7144,4863,35303,0,144641,33046,58989,14536,41680,3132,28022,11672,3912,0,3838,309502
2013-12-01,1709814,69831,13376,39715,15778,372241,2358,15786,17075,127915,226137,11528,335318,0,5263,8707,4698,49599,0,165366,40051,67331,13314,58522,3656,28990,12890,4369,0,16650,315826
2014-01-01,1674818,68531,13112,41546,18585,365603,3463,17162,14008,117264,209577,9931,321945,0,7962,12986,4477,46943,0,165601,39521,74960,14301,53181,3428,27625,17004,6102,,10428,332347
2014-02-01,1408117,59679,11091,34875,14531,287135,2382,15402,12455,103255,191718,9460,265254,0,5904,10010,3961,39613,0,140145,33179,60917,13689,49905,3226,24477,11283,4571,,11932,299488
2014-03-01,1265693,52805,10444,30727,13258,274871,2204,16063,10040,97401,165328,7685,231497,0,4677,9377,4330,30967,0,126980,31436,58154,12879,40942,2815,16816,10927,3070,,20003,274714
2014-04-01,898441,41249,8718,19653,10985,177495,1577,12954,8676,77672,106777,6485,157088,0,3415,7070,3569,22776,0,98229,19560,47564,11627,36713,2243,4747,9034,2565,,10875,206324
2014-05-01,880571,38404,7640,17425,8849,232800,1133,13726,6747,81667,87813,5671,141732,0,2332,6028,2230,17267,0,89597,19262,41702,13717,31215,1931,1161,8473,2049,,346,188563
2014-06-01,740341,34913,5965,12482,6575,154019,727,13536,7946,80726,67952,4166,136817,0,2107,6400,1703,13666,0,77436,14887,37441,13331,34024,1657,3291,6581,1993,,25508,164798
2014-07-01,794422,33413,5414,12017,5353,202094,670,13060,9464,81829,64193,5393,148095,0,2196,4985,1705,14975,0,81668,15159,38295,14562,28187,1688,2095,6029,1883,,25180,167747
2014-08-01,708276,34122,5795,12084,6495,147935,802,11993,7825,77378,60812,5295,115557,0,2689,4837,1555,12844,0,92397,15533,37495,13234,28118,1578,3694,6253,1956,,19406,164612
2014-09-01,823238,37626,6158,14879,7249,182066,884,14411,8192,87627,73153,6278,156972,0,2325,5470,2508,16399,0,82334,17408,38657,15233,28616,1775,7452,7545,2021,,28951,160738
2014-10-01,1018912,47739,7937,22848,9288,236929,1663,13290,7779,87077,109075,7631,174993,0,4607,7962,3668,26368,0,102991,24864,53606,14058,26809,2238,13154,9492,2846,,7664,213610
2014-11-01,1381307,56008,10867,30277,12248,387129,2155,15295,10479,96965,154698,9622,218580,0,5554,9747,4480,36874,0,131815,28633,62124,13703,46042,2930,20617,11118,3347,,7183,283613
2014-12-01,1653742,74109,13080,38504,15952,394329,2602,16298,11703,112195,225261,10845,290322,0,6536,10858,5038,45926,0,163768,37360,73905,16221,45904,3648,22930,11912,4536,,4004,334287
2015-01-01,1785951,82619,13540,42194,16515,395002,2709,17229,13102,124368,244437,9426,332194,0,6149,11187,5448,50609,0,178195,40599,75079,17407,51628,3891,34275,13012,5137,,19826,355843
2015-02-01,1641633,74033,11998,38607,16013,382376,2210,16438,11060,110117,229153,10975,308153,0,5231,9671,5151,44665,0,159736,36904,61857,14358,46508,3603,27084,10946,4786,,23649,339524
2015-03-01,1451658,66371,11611,33534,14175,324995,2216,16261,10107,102880,191222,10079,264643,0,4676,9237,4582,37518,0,146642,35464,63738,14475,44881,3275,24343,11499,3234,,10866,308449
2015-04-01,1059716,49720,9301,25171,10781,258517,1547,14029,7337,84795,122058,8138,169966,0,3637,7969,2675,25546,0,104860,22354,55207,14195,33533,2427,15260,8507,2186,,34079,218091
2015-05-01,834510,40035,8060,16408,8941,197059,1074,13213,6039,81361,83531,5630,140780,0,2160,7545,2229,15439,0,80234,17451,44708,14693,27641,1850,10533,5860,2036,,22795,208819
2015-06-01,750602,33985,7684,12975,7562,177375,750,11444,6031,78798,68692,4828,138343,0,2283,7004,1679,13375,0,69639,13362,37439,17723,26714,1714,3264,6229,1710,,26079,166105
2015-07-01,778482,32200,7271,12056,5736,160509,666,12260,11172,91369,66815,5244,173393,0,2727,5022,1533,14702,0,67073,14932,36617,18675,26741,1702,2277,6339,1451,,73235,133719
2015-08-01,709643,32452,7363,11446,6649,149313,774,13450,8935,79436,59185,5483,134074,0,3772,5328,1441,14112,0,70471,15447,35535,14469,27235,1539,4235,5962,1537,,30124,153693
2015-09-01,833607,43107,6597,14431,7810,182669,834,13923,9376,83304,79172,6027,157277,0,3119,6903,2237,14856,0,86398,19128,39370,15472,24992,1858,5940,7229,1578,,12692,181021
2015-10-01,1172979,57129,8988,27560,11261,282195,1557,16082,12870,93400,143400,9662,184480,0,5392,8578,2734,30899,0,117953,28502,57627,14316,33941,2511,10238,9248,2456,,8829,231239
2015-11-01,1332554,61552,11077,31677,12891,294997,1730,15069,10842,99543,169488,10924,248603,0,6009,8365,3001,38691,0,125817,33807,61562,14354,40731,2999,16864,8583,3378,,16354,271958
2015-12-01,1528853,61836,13795,35474,13251,332528,2097,15170,17441,112871,184694,12567,320764,0,5966,9342,3060,46406,0,130447,38245,67612,15007,48523,3507,25050,9046,4154,,28370,283848
2016-01-01,1895460,75922,15477,46465,19362,498436,3764,16968,16172,111917,227551,13133,347929,0,9301,11035,3993,58375,0,168432,44887,81930,15236,53521,4181,29464,15526,6483,,14308,364191
2016-02-01,1552327,70066,11585,35032,14722,383767,2355,17918,10876,104337,201801,10098,286283,0,5011,7735,3671,41086,0,151938,33155,65753,13048,42847,3397,20491,10494,4861,,18945,342148
2016-03-01,1434104,69591,11322,35265,14234,366822,2275,17348,11480,104936,205566,10657,267690,0,5297,8644,3693,38355,0,67906,33780,67452,13843,41050,3391,19688,9870,3949,,26864,347831
2016-04-01,1047569,50091,8814,24012,11263,226451,1565,17319,10020,88951,140821,7564,168021,0,3484,6588,2874,22820,0,110790,25456,54781,13851,29680,2399,10852,6867,2235,,21253,288916
2016-05-01,862228,36479,8523,16638,7152,205603,850,15504,9984,82858,91584,6747,159068,0,2216,6231,2165,18682,0,77836,19173,44798,13448,25464,2129,2224,5066,1806,,19495,208879
2016-06-01,751757,33156,7587,12880,6557,155054,696,13384,13481,80406,76667,5374,141580,0,2473,4919,1802,14813,0,72570,14148,37414,16793,22751,1871,8688,5091,1602,,21480,182527
2016-07-01,777709,30704,6438,12064,5562,168733,638,13726,13611,85754,68728,4048,159677,0,2252,3738,1652,15058,0,73605,14492,38033,18991,23650,1804,8313,4957,1481,,24370,171552
2016-08-01,754214,33141,6428,13089,6154,169051,657,14083,11883,77373,65314,5987,135598,0,2121,3917,1408,15138,0,76203,14157,40216,18509,25116,1787,9806,5287,1791,,23169,164002
2016-09-01,857392,35314,7500,16116,6040,167901,756,16310,12469,84552,85300,6588,177356,0,2187,4656,1709,16586,0,79901,18985,41741,21165,30586,1921,14595,5001,2157,,7488,179463
2016-10-01,1239268,58716,10331,30359,11088,277853,1768,16267,14719,98259,150586,10656,214694,0,5349,8182,2721,32325,0,118252,30533,58351,21239,40514,2820,14874,6155,2657,,23186,267806
2016-11-01,1626579,71906,12469,38361,16185,391985,2251,18703,15222,119506,212366,11814,284340,0,7053,10053,3430,43431,0,151106,38625,68950,20534,50440,3431,19435,10596,4387,,20164,355665
2016-12-01,1883616,80633,15216,46114,14982,434444,2348,17328,21980,126016,255553,15132,359588,0,6237,9976,3870,56856,0,167665,46362,79161,21430,57750,4261,25438,10661,4615,,19989,365864
2017-01-01,2210091,94696,17675,56818,17868,519716,2688,19164,25208,139319,294899,17933,424472,0,7649,10547,4689,69485,122,197555,59503,90784,21353,67841,5230,28910,12152,3815,,16909,410384
2017-02-01,1605994,69772,13426,39905,15651,357555,2450,15983,17356,105260,201126,12427,307772,0,6806,9282,3440,47462,384,151139,41785,74391,18856,53961,3753,21786,10807,3459,,17435,326279
2017-03-01,1400752,62123,11583,31756,14299,316373,2219,17533,13077,104160,176420,9795,247307,0,4942,8440,3131,34371,395,132480,32494,68063,19987,43116,3201,17383,9390,16714,,21365,312234
2017-04-01,1166520,56307,9868,26842,11012,297078,1679,17061,11332,85610,129774,8196,184214,0,4021,8419,2614,29003,738,115587,26755,60833,17929,34265,2519,15570,7132,2162,,15661,250731
2017-05-01,953621,42750,8114,17013,7808,235669,1092,15191,12559,85160,94645,7123,171831,0,2316,5679,1977,18791,828,90963,19025,48347,20607,26903,2122,9435,5687,1986,,658,206682
2017-06-01,840490,34509,8056,13791,6338,189571,667,14801,15584,91280,68689,6404,166040,0,1995,4646,1643,16585,1194,75235,16163,40718,21755,29111,1890,7188,4931,1706,,16347,165923
2017-07-01,888328,34365,6680,13655,5529,209615,696,16029,16114,97909,71470,7707,173927,0,1949,4755,1647,16667,1379,81767,16333,42541,25706,25633,1831,8006,4926,1492,,19182,165768
2017-08-01,815134,33754,6199,12781,6331,175851,735,15920,16701,91033,64348,7747,151333,0,1954,5027,1454,16958,1431,76903,17381,41661,24134,26753,1858,9499,5483,1905,,23627,165099
2017-09-01,945044,40009,6919,18214,7591,217608,902,15525,14732,94624,92895,7923,164859,0,2188,6291,2037,19881,1637,93262,21203,46495,22946,27581,2220,10051,5468,1983,,14437,189951
2017-10-01,1162241,52129,9458,25559,8877,258708,1675,16271,14229,105794,131962,10572,199531,0,4078,7934,2455,30594,1338,108190,28069,61152,19351,36903,2738,15649,6387,2638,,11927,235993
2017-11-01,1646262,71732,11794,36741,12411,389140,1918,19006,18595,132617,215031,12686,302134,0,4790,8532,3364,44661,742,146074,38576,71615,21545,47728,3604,20765,7131,3330,,18890,335109
2017-12-01,1862316,82513,13451,41925,13759,412145,2203,18329,19551,135914,250952,13387,369799,0,5216,9603,3793,52834,1071,174531,42146,80776,20148,55861,4059,25099,9539,3712,,76692,384113
2018-01-01,1762547,77739,14543,41754,16487,393173,2557,17903,19604,128254,214622,13374,336194,0,6807,9971,3780,52607,816,169246,41782,85264,22159,50188,3980,24115,11285,4343,,4509,397171
2018-02-01,1893154,84677,13209,44402,16715,443711,2814,17385,16900,123307,254264,13949,342062,0,8453,9563,4120,53703,1127,179645,45027,84072,18839,69497,4259,22570,13057,5827,,14508,374681
2018-03-01,1728455,77728,12325,42547,17007,403635,2763,19253,13353,114987,213732,12497,314477,0,7765,9940,3848,49997,761,163678,42005,85688,16500,57586,4075,23901,13159,5248,,29590,369595
2018-04-01,1003014,46061,7524,17900,9202,233164,1418,16925,11880,96376,109832,6819,179832,0,3016,6987,2292,21588,708,95474,20280,52082,15169,24590,2376,11323,6476,3720,,19714,272156
2018-05-01,843083,40111,7726,13233,6256,183515,790,16785,12924,94097,80371,5807,154343,0,1763,5919,1890,16206,1122,80086,15846,46295,18113,21500,2156,8395,4998,2836,,23898,192612
2018-06-01,815115,37400,7019,12945,5178,185236,676,16954,13970,88257,69594,5963,150838,0,2163,4563,1631,15400,1073,79456,15507,43192,20505,21495,1946,7296,5150,1708,,28229,165847
2018-07-01,815190,36981,6246,12910,4984,162639,721,17109,15618,87845,72519,4646,169621,0,2770,2742,1568,16166,1524,80132,16191,41608,23135,20647,1876,7643,4934,2415,,24058,167894
2018-08-01,811365,38246,5928,12864,5393,171330,945,15877,14808,86450,67828,6723,150952,0,3372,3549,1385,14366,1485,84401,16779,46783,21127,21834,1768,7470,6570,3132,,28635,159736
2018-09-01,892139,40079,6785,15273,6872,184760,801,14714,15850,88557,79954,6395,175756,0,3142,10351,1806,18494,1349,88561,20806,45828,22056,23640,2041,8402,7425,2442,,-4843,171038
2018-10-01,1155147,59449,8598,25270,9164,271537,1450,18089,16968,101367,127926,9449,191338,0,4064,7321,2524,27687,1245,107323,26731,58387,18749,32561,2692,14545,7263,3450,,11835,257272
2018-11-01,1572117,77784,11572,35232,12702,377703,1790,18607,17266,124086,201492,11361,262814,0,5571,8663,3347,40348,1259,146853,36277,72481,19850,50599,3250,18439,7891,4880,,13418,320280
2018-12-01,1689610,79753,15215,42858,13661,293728,2516,18428,22391,126373,218657,14586,340387,0,6744,9978,3613,57682,1158,160376,45097,84533,17882,68065,4023,26026,11015,4865,,20483,357672
2019-01-01,2127920,93879,15139,49644,15673,504760,2845,19670,27103,145732,268842,15364,403784,0,7814,10948,4344,64041,1314,187134,49577,93927,20366,71938,4602,29370,14717,5393,,15591,405971
2019-02-01,1662584,70741,12331,38614,12149,414260,2042,16051,19711,117924,202359,12174,307239,0,5323,8271,3463,46649,1012,146626,37974,74930,16520,55833,3680,21824,10688,4196,,22501,314337
2019-03-01,1495844,65872,10862,32570,11817,366613,2030,18932,15203,112063,175296,9481,266396,0,4976,8355,3330,37738,994,146505,31109,76197,16253,44936,3398,19347,10333,5238,,23463,307436
2019-04-01,1166036,52539,9663,23460,8669,252143,1285,18543,14224,110228,142662,8014,210921,0,2716,7788,2594,26868,1029,107409,25174,61378,18542,32608,2764,13039,7562,4214,,21016,253857
2019-05-01,1058724,48523,7771,21598,8118,236526,993,18432,12892,109213,111302,8010,187528,0,2618,5078,2335,24386,1132,107891,22114,54311,21156,22334,2598,12268,5393,4204,,17108,216185
2019-06-01,817729,39401,6579,15050,5783,140071,613,16563,15777,111131,75851,5937,164859,0,2622,6404,1683,14617,1302,82707,15674,41875,22444,14623,1896,6480,5089,2698,,16742,181875
2019-07-01,948979,37756,6950,15261,5630,204396,663,16974,19533,125208,78875,6740,189814,0,2802,4461,1612,15912,1382,89674,17034,44805,23953,19449,1884,8610,5860,3741,,26543,168978
2019-08-01,847579,36380,5714,15142,6345,155910,737,14170,17882,117892,66801,7228,159029,0,3956,3905,1378,17163,1554,89814,18781,46563,21580,20618,2124,7910,5793,3211,,23067,149997
2019-09-01,967650,43646,6115,18568,6834,201958,904,14869,17234,112523,84344,7332,181584,0,4296,5618,1783,20882,1203,99300,24357,48222,21565,22895,2186,10050,6496,2886,,29390,166607
2019-10-01,1222535,59284,6947,27609,9990,281278,1386,15717,16272,121787,122412,10423,198842,0,4239,7662,2473,31177,1201,126315,30273,62634,23359,32959,2769,15002,7987,2537,,18243,272757
2019-11-01,1570141,77169,9803,34878,12192,381500,1681,20117,15257,128859,204802,12888,254965,0,4729,8594,3377,39410,986,153295,36364,73103,21217,40721,3260,18906,8310,3758,,31278,343610
2019-12-01,1741178,79208,12867,40602,12126,418814,2516,18881,17751,125612,216863,13168,306476,0,4890,9204,3449,52967,1136,160677,41448,85158,18921,56180,3822,24632,8699,5111,,60760,360694
2020-01-01,1952617,84068,13889,46661,11870,451984,2069,19679,24222,139102,239974,14961,369265,0,4615,9943,3929,64034,1468,175162,48384,87299,23838,68527,4479,28404,9754,5035,,9144,330833
2020-02-01,1599999,73687,12306,37667,11716,372479,1907,18053,19067,116241,188599,11804,288265,0,4580,8929,3431,48144,1403,153054,35399,79654,19358,54083,3573,22589,9199,4813,,23525,316786
2020-03-01,1521673,71110,11680,35231,11526,384070,1936,19072,17965,106337,178120,11566,254965,0,4138,6735,3107,43374,1192,144332,34171,79472,18939,44879,3568,21154,9147,3888,,21278,318576
2020-04-01,965633,44362,8904,22303,8770,208649,1420,16620,14809,89809,87559,7711,162610,0,3082,8448,1976,26858,1082,98433,22397,59833,13541,30522,2493,13406,6991,3043,,-40649,195804
2020-05-01,900902,43954,7106,19160,7521,214004,997,16897,14855,80940,82664,7567,142608,0,2662,9159,1859,20031,1173,96355,17999,53496,13827,23359,2073,11286,6199,3150,,-9974,169078
2020-06-01,856280,42336,7083,15867,6533,175073,638,16082,16686,93558,78939,7189,155981,0,2760,6773,1518,16711,1295,88242,15098,46516,18452,21761,1744,9755,6227,3464,,12125,155485
2020-07-01,921327,46445,6615,16326,5585,169475,659,16727,21657,113378,75752,7701,182270,0,1730,7060,1432,17726,1494,98516,16327,47230,24426,23737,2002,8979,5990,2088,,33575,165170
2020-08-01,862729,41161,6002,15483,5613,165691,717,16983,20133,103390,67653,7345,156591,0,3045,5861,1242,16621,1531,97121,15844,47427,23102,23824,1905,8480,6458,3506,,20005,158615
2020-09-01,959445,43165,6615,16311,6875,199545,874,16526,18563,105741,86315,7872,183718,0,2482,5502,1613,19497,1272,94686,18540,51461,24210,24466,2201,10408,7741,3245,,2445,175961
2020-10-01,1241349,56867,9496,28748,9000,292777,1139,16786,17270,104122,139737,10516,203683,0,2988,7466,2551,34048,1126,119971,29630,67068,22003,30505,2950,16169,7989,6745,,18145,256273
2020-11-01,1550547,67424,12370,39444,10852,378962,1563,18027,20172,117204,177413,13030,264795,0,4478,8608,3081,47725,795,133856,37518,79568,21186,52301,3928,22165,8012,6071,,20219,
2020-12-01,1857989,81836,14944,45295,13042,450930,2277,20049,23875,129162,221228,13752,337315,0,5681,9937,3388,52586,973,169476,44552,92930,17647,60489,4051,25409,9768,7396,,17871,
2021-01-01,2082307,92852,14677,49147,17222,510343,2518,21629,24984,142092,253908,12268,374256,0,6995,12377,4117,59374,1042,194906,47896,99889,21717,63815,4376,28619,13727,7562,,19982,
2021-02-01,1712638,77065,13385,45076,14868,436844,2712,17046,18017,102021,194885,11436,292513,0,6794,10516,3371,51140,1055,162500,39044,91499,14611,56326,3776,25974,13730,6433,,19071,
2021-03-01,1657680,74421,14526,41904,12407,394234,2035,19380,21542,116238,190924,12957,291009,0,5154,8728,3380,47374,1139,155119,38318,86858,19694,56838,3844,24532,10261,4865,,21447,
2021-04-01,1379390,66035,11325,33801,10007,328582,1505,18111,21721,111810,148675,10622,234736,0,3054,8333,2825,36690,1278,128589,31613,73107,21647,39917,3340,19194,8749,4124,,24192,
2021-05-01,1020697,49149,9077,22623,8345,244592,984,15368,15989,97540,108219,7213,160593,0,1835,7890,2380,24309,1269,104761,21528,56895,14477,23750,2587,12877,3933,2512,,38425,
2021-06-01,841338,36388,8881,15894,6018,165253,644,14637,21321,98697,70154,5593,164480,0,1661,5856,1495,16431,1451,81158,15302,47846,21350,20373,2085,9405,4623,4341,,20578,
2021-07-01,824798,34868,10040,15059,5129,144361,583,15337,24334,100797,67103,7299,174157,0,2138,5398,1503,17078,1685,76121,15110,49251,17851,19875,1880,9404,5866,2572,,17993,
2021-08-01,764332,34765,7515,14264,6074,138762,772,15428,22942,101768,55174,7211,147866,0,1242,4183,1358,16951,1634,64802,15057,49331,18061,19651,1851,8872,5499,3298,,20194,
2021-09-01,875760,35199,7938,16740,6541,162094,980,14770,20631,105699,73356,7034,187223,0,2582,4526,1619,18056,1171,74649,17723,51325,21075,22411,2024,10702,6686,3006,,17679,
2021-10-01,1164846,48903,9276,27034,8151,262641,1172,15264,19612,107697,121929,9432,212065,0,2910,6236,2530,36356,1117,90478,29449,66659,19282,36816,3072,17224,5665,3874,,18194,
2021-11-01,1630817,73087,10976,37892,10222,394145,1667,17985,20460,145546,206101,12409,290817,0,4269,6112,3346,48171,987,128670,39586,75945,21196,46490,3675,22602,4277,4184,,58270,
2021-12-01,1887273,77032,14114,43343,13426,451259,2775,18364,23913,139064,228024,12975,369989,0,7136,8972,3426,59739,1018,147808,45335,95710,18711,59341,4315,27215,9781,4489,,24091,
2022-01-01,1936897,84413,14932,43128,11794,470583,2318,20293,23144,151412,247037,14736,370829,0,5470,7596,3928,56679,1117,149756,44536,86842,21596,61338,4490,27740,6888,4302,,27094,
2022-02-01,1551897,64127,12305,34254,10293,384069,1913,15778,20042,125406,184100,11864,292303,0,3918,6044,3107,47744,1019,120060,37481,74869,18134,48671,3574,21756,5750,3317,,24441,
2022-03-01,1529082,58628,13515,34813,10441,366768,1737,18191,25381,123319,172183,10648,303657,0,3717,7604,2863,46136,1152,114131,38658,74940,19514,48014,3718,20741,6257,2356,,26722,
2022-04-01,1127724,48378,7888,26575,7952,270181,1201,17961,11928,97278,131060,7802,200713,0,2406,5849,2266,32559,865,93953,27234,64338,16701,28080,2801,15897,3653,2203,,25298,
2022-05-01,831925,38386,7829,15139,6243,167197,822,16745,13784,94270,83896,5402,159982,0,1552,5440,1422,16549,1101,74098,18040,46800,18221,22151,2053,8847,3968,1989,,23286,
2022-06-01,773822,35092,7094,13160,5531,134791,575,16250,16783,105526,71449,5253,161239,0,719,5621,1117,15944,1383,68028,14447,40928,19696,18937,1885,7533,3563,1276,,42494,
2022-07-01,787315,34264,7468,11987,4821,142145,443,16994,21137,112495,71658,6271,169278,0,681,3686,1021,15496,1671,61620,13450,38141,20257,17725,1804,7455,3216,2132,,36182,
2022-08-01,704963,36506,5334,11985,4530,116292,492,17440,19333,102736,65365,5676,145161,0,1557,2540,867,13341,1597,58101,12285,33992,19290,16857,1640,6024,3832,2190,,6674,
2022-09-01,795530,37985,5648,15476,4966,164845,610,15596,12833,102189,81272,5626,153695,0,1389,3554,1309,20326,1311,60740,18210,36298,18556,19178,1901,7391,2881,1745,,36310,
2022-10-01,895446,43982,5895,20707,6175,195148,724,14985,9779,101450,92928,8061,161354,0,999,3603,1618,21127,1070,73623,21915,48221,18088,24612,2214,12291,2640,2238,,29546,
2022-11-01,1192684,51602,8904,29926,8048,275550,1167,16815,14132,101460,142095,9283,212522,0,4044,4373,2208,35320,1370,91986,31284,68320,19131,37183,3129,17684,2972,2176,,35644,
2022-12-01,1577955,72215,11046,38136,11260,386326,1661,20602,18793,102205,208296,9824,280873,0,5989,8408,2917,45506,1360,133849,37754,81997,15197,50428,3552,23039,3406,3315,,45355,
2023-01-01,1594330,70754,10340,35012,10514,440678,1526,18987,15075,106698,197767,10723,286664,0,3995,4929,3014,43315,1404,118964,35345,81218,14217,49825,3740,21398,5035,3193,,53444,
2023-02-01,1449079,64885,10222,33900,9769,348668,1361,16791,15675,120713,175846,10416,269405,0,4368,3840,2731,42075,1185,107291,33058,76106,17678,50019,3462,21267,5578,2770,,37184,
2023-03-01,1318082,64164,10316,30275,9747,327858,1456,19070,14577,103167,158253,9738,224180,0,3672,6252,2655,34912,1300,109427,28436,75011,14598,38678,3088,18477,5254,3522,,44946,
2023-04-01,1028300,49575,8396,23985,6707,250766,958,16406,14232,85675,114364,8248,176060,0,1449,4854,2087,27826,1257,85410,25188,60087,12492,29100,2730,14866,3585,1997,,20105,
2023-05-01,778055,35515,5871,14570,5525,172098,647,16433,11700,88224,68999,6428,145313,0,871,4215,1406,17748,1319,66587,17460,45561,12616,18321,2325,10739,5370,2195,,3920,
2023-06-01,702987,32754,5745,12644,5080,129806,498,14825,15553,94271,61323,5321,139027,0,1244,4006,1003,14741,1306,65694,12394,40129,16081,13521,1989,7964,3889,2180,,27412,
2023-07-01,724418,29843,7124,11413,4911,128874,439,13937,19327,94571,59793,6605,162992,0,719,3870,1044,15209,1577,60424,12464,40273,17051,16424,1750,7423,4352,2006,,24261,
2023-08-01,688899,31827,6581,11403,5495,128987,534,13734,16745,90181,55403,7705,130035,0,1476,4361,925,13913,1582,67525,11666,43081,15083,15739,1590,6018,5182,2126,,11431,
2023-09-01,746920,32540,7034,12267,5240,139135,498,13682,15911,95103,61412,6698,157963,0,1847,4903,1087,14722,1471,69027,14340,43803,16267,16926,1807,6077,4479,2680,,15147,
2023-10-01,,39164,7565,18678,7309,197223,1169,15356,16163,90401,84432,8380,165164,0,2532,6788,1685,22260,1231,75795,19724,57508,13141,24041,2301,11503,5915,2642,,12361,
2023-11-01,,56950,10324,28960,10066,321585,1447,17282,13461,94453,150417,11011,218846,0,3631,6161,2608,35794,1059,101432,29442,83042,13160,41889,3260,18701,5915,3403,,20126,
2023-12-01,,63440,11341,34789,11127,364831,1986,16114,17876,110492,178708,9969,275425,0,4511,7963,2853,46199,994,119291,35797,87947,13452,53800,3821,23491,7005,3770,,,
