CustomerID,Loyalty,Quality,Brand awareness,Negative publicity
1525,6.145,0.87,-0.07,0.04
1531,6.033,0.93,0.14,0.05
1526,6.531,0.86,-0.02,0.06
1523,6.834,0.92,0.29,0.06
1524,6.642,0.85,0.05,0.07
1534,6.378,0.92,0.03,0.07
1462,3.596,0.75,-0.02,0.08
1460,3.333,0.64,-0.01,0.08
1463,3.483,0.68,0.03,0.09
1533,6.375,0.9,-0.07,0.1
1527,6.561,0.9,-0.15,0.1
1530,6.62,0.87,0.15,0.1
1461,3.466,0.75,-0.03,0.12
552,7.672,0.96,0,0.13
1529,7.062,0.82,0.15,0.13
462,7.649,0.96,0.02,0.15
1464,3.333,0.67,0.03,0.16
1459,4.097,0.57,-0.04,0.16
1532,6.378,0.9,0.14,0.16
564,7.889,0.96,-0.12,0.16
1466,3.561,0.62,0.06,0.16
1467,3.268,0.49,0.06,0.17
457,7.589,0.96,0.21,0.17
463,7.693,0.96,0.02,0.17
454,7.771,0.97,0.24,0.17
461,7.594,0.95,0.16,0.18
1423,6.418,0.89,0.23,0.18
1234,7.418,0.99,0.33,0.19
456,7.52,0.95,0.14,0.19
459,7.514,0.96,0.22,0.19
561,7.788,0.96,0,0.19
563,7.78,0.94,-0.05,0.2
562,7.858,0.96,-0.13,0.2
1809,6.734,0.9,-0.03,0.2
1652,7.314,0.94,0.09,0.2
453,7.683,0.94,0.26,0.21
451,7.834,0.95,0.24,0.21
1237,7.37,0.95,0.12,0.21
1657,7.572,0.94,0.11,0.21
460,7.558,0.95,0.14,0.21
1465,3.108,0.52,0.05,0.21
464,7.515,0.95,0.05,0.21
553,7.671,0.95,0.03,0.22
455,7.788,0.96,0.3,0.22
1236,7.327,0.95,0.29,0.22
559,7.448,0.95,0.11,0.22
1226,7.305,0.95,0.31,0.22
1647,7.289,0.93,0.21,0.23
1238,7.205,0.94,0.16,0.23
458,7.508,0.96,0.12,0.24
1649,7.287,0.91,0.17,0.24
1528,6.533,0.81,0.11,0.24
1648,7.369,0.91,0.15,0.25
452,7.971,0.95,0.27,0.25
560,7.66,0.95,-0.03,0.25
1307,7.579,0.95,0.24,0.25
1651,7.398,0.93,0.09,0.25
1646,7.239,0.93,0.2,0.25
1642,7.496,0.97,0.14,0.25
1644,7.56,0.93,0.13,0.25
1650,7.375,0.93,0.08,0.26
558,7.385,0.95,0,0.27
1308,7.444,0.97,0.09,0.27
1643,7.382,0.92,0.16,0.27
1230,7.191,0.95,0.28,0.27
1309,7.442,0.94,0.11,0.27
1310,7.29,0.96,0.08,0.27
1233,7.306,0.94,0.35,0.27
1235,7.226,0.94,0.27,0.28
1662,7.508,0.95,-0.06,0.28
1225,7.504,0.94,0.15,0.28
1239,7.257,0.95,0.13,0.28
1656,7.493,0.96,0.06,0.28
1457,4.363,0.49,0.02,0.29
1231,7.25,0.93,0.29,0.29
1639,7.241,0.92,0.15,0.29
1641,7.266,0.9,0.22,0.29
1661,7.694,0.95,0.04,0.29
1227,7.604,0.97,0.28,0.29
1305,7.603,0.95,0.26,0.3
1021,7.131,0.92,-0.05,0.3
1660,7.509,0.93,0.1,0.3
1658,7.459,0.93,0.09,0.3
557,7.445,0.94,0.04,0.31
1232,7.28,0.96,0.24,0.31
1640,7.516,0.92,0.13,0.31
1659,7.474,0.95,0.18,0.32
555,7.354,0.94,0.1,0.32
1229,7.224,0.98,0.25,0.32
598,4.254,0.53,-0.27,0.32
1655,7.776,0.95,0.14,0.32
1645,7.434,0.92,0.16,0.32
920,6.076,0.92,-0.24,0.33
1025,7.061,0.91,0.04,0.33
1228,7.381,0.94,0.3,0.33
797,7.06,0.94,0.22,0.34
1810,6.866,0.89,0.02,0.34
1654,7.525,0.94,0.13,0.34
599,4.349,0.56,-0.25,0.35
597,4.203,0.5,-0.25,0.35
1811,7.097,0.91,0.06,0.36
800,7.035,0.96,0.01,0.36
1024,6.967,0.94,0.02,0.36
75,7.309,0.95,0.33,0.36
1216,7.564,0.94,0.34,0.36
1224,7.425,0.94,0.21,0.36
556,7.42,0.93,0,0.36
305,7.415,0.93,0.16,0.36
798,6.962,0.94,0.14,0.36
1222,7.459,0.94,0.25,0.36
70,7.45,0.95,0.32,0.37
1022,6.891,0.88,0.11,0.37
1303,7.678,0.95,0.15,0.37
72,7.196,0.94,0.27,0.37
296,7.486,0.94,0.26,0.37
1223,7.463,0.94,0.16,0.37
306,7.175,0.92,0.11,0.37
799,7.255,0.94,0.07,0.37
1023,6.702,0.93,0.05,0.38
71,7.406,0.97,0.37,0.38
304,7.245,0.92,0.21,0.39
1026,7.243,0.9,-0.02,0.39
1019,7.101,0.93,0.11,0.39
1027,7.404,0.91,-0.05,0.39
1301,7.416,0.96,0.11,0.4
542,6.453,0.96,-0.08,0.4
796,7.041,0.96,0.17,0.4
76,7.25,0.94,0.24,0.4
1215,7.502,0.96,0.35,0.4
1020,6.964,0.91,0.06,0.4
1834,7.233,0.93,0.23,0.4
78,7.177,0.94,0.15,0.4
1304,7.444,0.94,0.18,0.4
794,7.018,0.97,0.26,0.41
301,7.594,0.94,0.32,0.41
1653,7.473,0.95,0.29,0.41
795,6.83,0.95,0.23,0.41
1306,7.596,0.96,0.13,0.41
1458,4.03,0.56,0,0.41
77,7.257,0.95,0.32,0.41
1220,7.324,0.88,0.26,0.41
616,7.037,0.93,0.18,0.41
554,7.393,0.94,0.09,0.41
297,7.488,0.94,0.25,0.41
298,7.65,0.95,0.23,0.41
618,7.074,0.89,0.15,0.41
600,4.288,0.56,-0.23,0.42
1833,7.103,0.94,0.29,0.42
1214,7.631,0.94,0.37,0.42
1018,7.097,0.95,0.1,0.42
621,7.312,0.91,-0.06,0.42
1828,6.881,0.93,0.37,0.43
303,7.413,0.94,0.25,0.43
79,7.234,0.94,0.12,0.43
69,7.254,0.95,0.31,0.43
73,7.364,0.93,0.27,0.43
1017,6.958,0.94,0.13,0.43
299,7.426,0.92,0.25,0.43
1221,7.541,0.93,0.24,0.43
1217,7.471,0.94,0.29,0.43
1873,5.94,0.96,-0.03,0.43
308,7.025,0.93,0.05,0.43
307,7.109,0.93,0.11,0.44
1827,6.869,0.95,0.34,0.44
302,7.304,0.92,0.27,0.44
74,7.289,0.92,0.32,0.44
1471,6.148,0.92,-0.11,0.45
1213,7.452,0.94,0.34,0.45
617,6.874,0.91,0.15,0.45
1831,6.515,0.94,0.3,0.46
1219,7.321,0.91,0.33,0.46
92,7.195,0.96,0.06,0.46
107,5.173,0.89,-0.21,0.46
1832,6.824,0.95,0.25,0.46
596,4.102,0.54,-0.25,0.46
620,7.035,0.89,0.06,0.46
1872,6.019,0.93,-0.04,0.46
93,7.213,0.92,0.01,0.46
1877,6.421,0.94,0.12,0.46
300,7.415,0.95,0.29,0.47
156,6.904,0.89,0.06,0.47
1875,5.972,0.97,0.37,0.47
1856,6.062,0.89,-0.16,0.47
787,7.144,0.97,0.24,0.47
615,6.984,0.94,0.09,0.47
1852,5.786,0.91,-0.11,0.48
1257,4.267,0.77,-0.01,0.48
1830,6.758,0.91,0.35,0.48
1835,7.157,0.94,0.27,0.49
922,6.798,0.89,-0.03,0.49
788,7.568,0.98,0.32,0.49
81,7.122,0.94,0.3,0.49
1836,6.798,0.93,0.2,0.49
1866,6.31,0.92,-0.08,0.49
80,7.137,0.94,0.21,0.49
619,7.118,0.92,0.03,0.5
157,6.949,0.93,-0.06,0.5
594,4.156,0.61,-0.22,0.5
1823,6.802,0.97,0.34,0.5
601,4.122,0.52,-0.2,0.5
294,7.418,0.96,0.26,0.5
1302,7.632,0.94,0.02,0.5
1218,7.407,0.92,0.3,0.5
108,5.701,0.9,0.04,0.51
1470,6.811,0.82,-0.02,0.51
1879,6.154,0.92,0.3,0.51
155,6.855,0.94,0,0.51
68,7.285,0.97,0.35,0.51
90,7.294,0.91,0.13,0.52
468,4.369,0.63,-0.06,0.52
1878,6.205,0.92,0.32,0.52
1712,3.786,0.74,0.3,0.52
1871,5.739,0.92,0.04,0.52
91,7.396,0.91,0.05,0.52
89,7.048,0.93,0.08,0.52
1258,4.101,0.65,-0.02,0.53
175,4.408,0.51,-0.08,0.53
1860,6.561,0.9,-0.07,0.53
595,3.801,0.54,-0.23,0.53
1874,6.049,0.95,0.06,0.54
158,6.928,0.92,0.05,0.54
1855,6.296,0.92,-0.12,0.54
147,5.821,0.92,-0.19,0.55
83,7.303,0.91,0.13,0.55
1824,6.986,0.95,0.33,0.55
1259,4.556,0.82,-0.06,0.55
1857,6.554,0.89,-0.08,0.56
88,7.076,0.93,0.1,0.56
793,6.76,0.96,0.33,0.56
1825,6.907,0.96,0.34,0.56
602,4.448,0.53,-0.25,0.56
106,5.168,0.78,-0.23,0.56
579,6.714,0.95,-0.17,0.56
614,6.965,0.93,0.02,0.57
87,6.95,0.9,0.12,0.57
546,4.573,0.63,0.11,0.57
1829,6.918,0.94,0.35,0.57
578,6.69,0.96,-0.13,0.57
537,5.629,0.92,-0.16,0.57
589,4.118,0.7,0.11,0.57
792,6.965,0.96,0.3,0.57
154,7.104,0.91,0.02,0.57
541,6.035,0.93,-0.1,0.58
465,5.009,0.69,0.13,0.58
789,7.046,0.96,0.32,0.58
947,5.364,0.79,0.48,0.58
577,6.666,0.92,-0.14,0.58
110,4.824,0.91,-0.05,0.58
606,5.123,0.72,-0.22,0.58
528,5.462,0.7,-0.13,0.58
66,5.488,0.78,-0.17,0.58
1859,6.444,0.92,-0.04,0.59
1089,4.149,0.68,-0.07,0.59
1826,7.029,0.96,0.4,0.59
949,4.704,0.69,0.46,0.59
1711,3.64,0.69,0.1,0.59
1096,4.483,0.85,-0.05,0.59
603,4.451,0.59,-0.24,0.59
791,7.007,0.98,0.38,0.59
951,4.623,0.71,0.07,0.59
1086,6.91,0.93,0.18,0.6
1854,5.664,0.88,-0.14,0.6
1865,6.6,0.93,-0.1,0.6
576,6.635,0.93,-0.12,0.6
1262,4.181,0.75,-0.05,0.6
104,5.304,0.78,-0.2,0.61
1187,4.623,0.79,0.68,0.61
571,6.649,0.94,-0.15,0.61
860,6.118,0.89,-0.26,0.61
1867,5.232,0.9,-0.12,0.61
1710,3.445,0.68,0.15,0.61
82,7.181,0.93,0.29,0.61
1853,5.694,0.87,-0.17,0.61
1116,7.443,0.76,-0.16,0.61
1858,6.45,0.86,0.07,0.62
103,5.147,0.79,-0.2,0.62
859,5.908,0.88,-0.25,0.62
854,5.923,0.9,-0.14,0.62
790,7.257,0.97,0.35,0.62
1188,4.154,0.8,0.65,0.62
953,5.197,0.73,0.06,0.62
540,6.091,0.93,-0.14,0.62
1253,6.113,0.87,0.03,0.62
575,6.475,0.88,-0.09,0.62
569,6.798,0.94,-0.1,0.62
1863,6.336,0.91,-0.09,0.63
570,6.959,0.92,-0.1,0.63
1117,6.68,0.78,-0.09,0.63
159,6.892,0.93,-0.12,0.63
1179,4.55,0.67,0.09,0.63
1693,5.104,0.86,0.01,0.63
1115,7.32,0.77,-0.09,0.63
1186,4.224,0.75,0.69,0.63
161,6.839,0.9,-0.16,0.63
328,6.063,0.84,0.17,0.63
178,5.082,0.85,0.28,0.63
466,4.906,0.9,0,0.63
952,4.859,0.7,0.14,0.63
130,4.31,0.71,0.01,0.64
483,5.168,0.81,-0.13,0.64
1247,5.772,0.87,0.04,0.64
1266,5.164,0.61,0.01,0.64
948,5.044,0.81,0.42,0.64
1184,4.176,0.76,0.69,0.64
27,5.317,0.81,-0.18,0.64
728,7.498,0.98,0.3,0.64
538,5.65,0.94,-0.15,0.64
1406,6.201,0.88,-0.12,0.64
768,4.682,0.64,0.24,0.64
574,6.358,0.9,-0.14,0.64
1246,5.448,0.89,0.02,0.64
732,7.575,0.98,0.16,0.64
1000,5.494,0.82,-0.1,0.65
491,6.019,0.8,-0.19,0.65
1881,6.525,0.95,-0.03,0.65
1191,4.431,0.8,0.47,0.65
1189,4.411,0.77,0.49,0.65
684,3.824,0.65,0.38,0.65
605,4.892,0.67,-0.26,0.65
517,6.839,0.73,-0.1,0.65
1759,5.272,0.69,-0.24,0.65
1698,3.922,0.78,-0.03,0.65
177,4.939,0.88,0.27,0.65
853,5.959,0.92,-0.15,0.65
376,3.956,0.72,-0.12,0.65
150,7.117,0.92,0.01,0.65
536,5.556,0.92,-0.15,0.65
105,5.152,0.79,-0.23,0.65
141,5.876,0.92,-0.18,0.65
1709,3.347,0.71,0.12,0.65
102,5.252,0.8,-0.21,0.65
145,5.553,0.9,-0.12,0.65
568,6.283,0.92,-0.08,0.65
855,5.88,0.92,-0.16,0.65
573,6.467,0.88,-0.12,0.66
132,5.114,0.67,-0.05,0.66
223,6.837,0.91,-0.05,0.66
140,5.749,0.9,-0.22,0.66
1071,3.975,0.84,-0.04,0.66
1684,4.432,0.73,0,0.66
857,5.911,0.88,-0.21,0.66
890,6.168,0.97,-0.06,0.66
492,5.946,0.83,-0.17,0.66
224,7.038,0.92,-0.07,0.66
1631,4.314,0.82,-0.02,0.66
531,5.452,0.9,-0.22,0.66
1668,2.688,0.59,0.23,0.66
862,5.598,0.84,-0.11,0.66
1083,6.613,0.92,0.35,0.66
144,5.178,0.93,-0.13,0.66
765,4.768,0.58,0.2,0.66
1596,5.793,0.81,-0.11,0.66
1840,7.158,0.91,0.2,0.67
493,5.964,0.86,-0.11,0.67
539,5.938,0.94,-0.1,0.67
1839,7.28,0.95,0.25,0.67
143,5.719,0.92,-0.09,0.67
567,7.008,0.94,-0.03,0.67
680,4.622,0.65,0.29,0.67
1082,6.452,0.94,0.4,0.67
1765,5.607,0.88,-0.24,0.67
833,3.57,0.71,-0.08,0.67
139,5.225,0.91,-0.17,0.67
1688,4.263,0.75,-0.12,0.67
160,6.772,0.88,-0.17,0.67
1251,6.476,0.84,0.01,0.67
1667,3.164,0.59,0.32,0.67
999,5.647,0.82,-0.02,0.67
1861,6.628,0.89,-0.03,0.67
921,6.585,0.93,0.01,0.68
137,5.564,0.91,-0.2,0.68
1095,4.199,0.74,-0.08,0.68
1862,6.171,0.9,-0.07,0.68
1039,3.83,0.55,0.2,0.68
65,5.062,0.81,-0.16,0.68
1320,5.436,0.55,0.14,0.68
261,3.706,0.42,-0.06,0.68
612,6.621,0.95,0.03,0.68
1851,7.028,0.94,0.03,0.68
1687,4.381,0.76,0.06,0.68
86,7.499,0.95,0.17,0.68
613,6.702,0.93,0.07,0.68
1663,5.323,0.71,0.12,0.68
1050,3.869,0.55,0,0.68
1848,6.992,0.92,0.2,0.68
142,5.812,0.88,-0.05,0.68
527,6.455,0.76,-0.11,0.68
1190,4.434,0.76,0.56,0.68
1182,4.932,0.74,0.07,0.68
678,4.845,0.57,0.24,0.68
1180,4.28,0.68,-0.03,0.68
1864,6.372,0.92,-0.1,0.68
1603,7.294,0.95,-0.15,0.68
508,4.763,0.73,-0.09,0.68
767,5.14,0.66,0.22,0.69
1669,3.462,0.46,0.04,0.69
1001,5.33,0.83,-0.07,0.69
533,5.487,0.91,-0.17,0.69
858,5.794,0.89,-0.26,0.69
1664,4.979,0.84,0.08,0.69
946,5.076,0.81,0.44,0.69
129,4.556,0.65,-0.09,0.69
611,6.725,0.94,0.1,0.69
221,6.691,0.88,-0.08,0.69
1041,5.148,0.72,0.18,0.69
1087,6.733,0.92,0.09,0.69
1841,7.164,0.93,0.24,0.69
1619,4.212,0.83,0.31,0.69
610,6.641,0.93,0.13,0.69
28,5.605,0.84,-0.17,0.69
1085,6.676,0.94,0.25,0.69
590,4.922,0.68,0.44,0.69
832,3.739,0.71,-0.03,0.69
1181,4.654,0.74,0.05,0.69
1040,4.891,0.6,0.2,0.69
1636,4.212,0.78,-0.18,0.69
254,4.419,0.71,0,0.69
1113,6.802,0.88,-0.05,0.69
1157,5.074,0.74,-0.18,0.69
518,6.74,0.76,-0.06,0.69
1183,4.439,0.61,0.64,0.69
135,5.617,0.86,-0.22,0.69
1408,6.242,0.88,-0.23,0.7
1084,6.591,0.93,0.35,0.7
136,5.463,0.9,-0.22,0.7
1842,7.115,0.92,0.16,0.7
593,3.707,0.55,-0.27,0.7
151,6.854,0.93,0.02,0.7
1846,6.864,0.9,0.22,0.7
1114,6.91,0.82,-0.1,0.7
856,5.955,0.9,-0.06,0.7
1761,4.888,0.8,-0.23,0.7
174,4.976,0.44,-0.02,0.7
1691,4.896,0.81,0,0.7
1248,6.275,0.84,0.1,0.7
101,5.481,0.77,-0.17,0.7
769,4.75,0.57,0.18,0.7
572,6.667,0.91,-0.12,0.7
566,6.583,0.94,0.13,0.7
1491,4.395,0.86,-0.05,0.7
31,5.249,0.81,-0.17,0.7
1629,4.455,0.91,0.08,0.7
131,4.499,0.71,-0.04,0.7
489,5.795,0.82,-0.16,0.7
545,4.507,0.64,0.08,0.7
332,6.636,0.86,0.11,0.7
1760,5.309,0.74,-0.22,0.7
886,5.534,0.93,-0.04,0.7
1845,7.151,0.9,0.22,0.7
1263,3.671,0.71,-0.03,0.7
84,7.471,0.94,0.13,0.7
547,4.298,0.72,0.04,0.7
668,3.412,0.64,0.01,0.71
651,5.901,0.83,0.17,0.71
138,5.526,0.92,-0.16,0.71
519,4.741,0.73,-0.13,0.71
1850,6.944,0.92,0.14,0.71
1699,4.318,0.71,-0.01,0.71
3,4.758,0.54,0.12,0.71
250,4.785,0.71,-0.1,0.71
226,7.14,0.91,-0.09,0.71
1094,4.673,0.76,-0.02,0.71
681,3.889,0.55,0.28,0.71
1547,5.811,0.94,0.04,0.71
1118,6.236,0.76,-0.15,0.71
725,6.888,0.98,0.27,0.71
134,5.658,0.92,-0.25,0.71
889,6.272,0.95,-0.06,0.71
1849,6.883,0.9,0.12,0.71
1843,7.026,0.9,0.21,0.71
227,6.981,0.9,-0.12,0.71
1100,4.314,0.8,-0.11,0.71
1261,3.716,0.7,-0.08,0.71
152,7.111,0.94,-0.01,0.71
1392,5.594,0.85,-0.14,0.71
1211,5.449,0.77,0.17,0.71
425,6.238,0.88,0.02,0.71
727,7.501,0.97,0.31,0.71
770,4.653,0.57,0.19,0.71
1252,5.819,0.85,0.01,0.71
885,5.95,0.93,-0.04,0.71
1323,5.831,0.69,0.05,0.71
109,5.937,0.88,0,0.71
771,4.717,0.71,0.22,0.71
96,4.817,0.68,-0.03,0.72
1097,3.923,0.87,0.06,0.72
1321,4.823,0.56,0.09,0.72
1689,4.497,0.73,-0.07,0.72
679,4.413,0.75,0.29,0.72
1170,5.386,0.66,-0.24,0.72
1595,5.903,0.78,-0.06,0.72
260,3.792,0.33,-0.02,0.72
1694,5.829,0.66,0.12,0.72
146,5.234,0.9,-0.17,0.72
1178,4.971,0.82,-0.02,0.72
729,7.51,0.98,0.28,0.72
1038,4.339,0.7,-0.01,0.72
685,3.615,0.54,0.42,0.72
1407,6.111,0.86,-0.25,0.72
255,4.206,0.76,0,0.72
128,4.633,0.6,-0.07,0.72
149,7.219,0.92,0.07,0.72
222,7.001,0.91,-0.06,0.72
329,5.698,0.81,0.24,0.72
207,4.739,0.88,-0.19,0.72
1685,5.064,0.7,0.02,0.72
1637,4.396,0.76,-0.19,0.72
1945,3.735,0.77,-0.09,0.72
1734,4.361,0.51,-0.04,0.73
781,4.542,0.73,0,0.73
1068,4.667,0.8,-0.1,0.73
15,5.269,0.73,-0.17,0.73
251,3.955,0.74,-0.07,0.73
535,5.367,0.9,-0.2,0.73
1393,5.869,0.85,-0.11,0.73
730,7.476,0.97,0.25,0.73
475,4.753,0.88,-0.06,0.73
1092,4.772,0.86,0.06,0.73
256,4.647,0.78,-0.06,0.73
471,4.842,0.85,-0.05,0.73
1249,5.924,0.83,0.08,0.73
220,6.321,0.89,-0.02,0.73
233,6.11,0.83,-0.05,0.73
1267,5.004,0.68,0.03,0.73
215,3.499,0.77,-0.25,0.73
258,4.741,0.68,0,0.73
1615,6.502,0.93,-0.12,0.73
490,5.961,0.79,-0.08,0.73
1614,6.457,0.95,-0.05,0.73
4,3.832,0.52,0.16,0.73
216,3.505,0.77,-0.25,0.73
1250,6.013,0.85,0.04,0.73
375,3.838,0.72,-0.07,0.73
550,4.1,0.75,0.05,0.73
1927,5.244,0.76,-0.1,0.73
1743,5.131,0.86,-0.14,0.73
1732,3.768,0.48,-0.07,0.73
495,5.84,0.85,-0.17,0.73
1632,4.55,0.81,-0.06,0.73
851,6.263,0.92,-0.05,0.73
331,6.494,0.83,0.15,0.73
1048,3.417,0.56,0.02,0.73
516,5.191,0.75,-0.08,0.73
1736,4.179,0.54,0.06,0.74
1630,4.435,0.85,-0.04,0.74
479,5.239,0.89,-0.08,0.74
387,5.49,0.62,-0.09,0.74
1847,6.804,0.9,0.14,0.74
1708,2.903,0.64,0.18,0.74
864,6,0.9,-0.08,0.74
1931,3.933,0.74,0.14,0.74
1051,6.012,0.87,0.2,0.74
849,5.845,0.89,-0.21,0.74
1666,4.038,0.58,0.13,0.74
388,5.213,0.62,-0.05,0.74
33,4.745,0.8,0.01,0.74
330,5.789,0.8,0.08,0.74
335,6.74,0.86,0.08,0.74
374,3.812,0.72,0.01,0.74
133,5.28,0.74,-0.01,0.74
1692,5.124,0.84,0.02,0.74
1210,4.91,0.77,0.12,0.74
1900,5.767,0.9,0.1,0.74
408,7.225,0.92,-0.08,0.74
1899,5.296,0.79,-0.01,0.74
530,5.332,0.9,-0.25,0.74
126,4.66,0.53,-0.02,0.74
814,7.332,0.95,0.09,0.74
984,3.808,0.8,-0.1,0.74
1101,4.153,0.8,-0.1,0.74
213,4.031,0.86,-0.1,0.74
1665,4.465,0.93,0.01,0.74
665,4.045,0.6,0.04,0.74
1886,7.067,0.93,-0.19,0.74
834,4.445,0.7,-0.05,0.74
1395,5.08,0.78,-0.12,0.74
482,6.004,0.88,-0.12,0.75
173,5.82,0.5,0,0.75
1110,6.525,0.88,-0.09,0.75
1844,7.249,0.93,0.27,0.75
1093,4.785,0.75,0.05,0.75
1255,4.277,0.73,-0.06,0.75
815,7.195,0.96,-0.05,0.75
954,5.284,0.66,0.14,0.75
1394,6.268,0.85,-0.08,0.75
1256,4.236,0.61,-0.05,0.75
212,4.128,0.86,-0.15,0.75
507,4.885,0.62,-0.13,0.75
671,4.874,0.63,0.04,0.75
544,4.445,0.6,-0.01,0.75
1946,3.638,0.75,-0.1,0.75
1634,6.269,0.8,-0.08,0.75
1586,6.116,0.82,-0.03,0.75
382,3.955,0.68,-0.08,0.75
476,5.016,0.88,0.02,0.75
592,3.675,0.65,-0.27,0.75
746,3.249,0.56,0.11,0.75
1330,4.703,0.82,-0.12,0.75
333,6.526,0.82,0.11,0.75
1328,4.386,0.67,-0.07,0.75
97,4.574,0.74,-0.09,0.75
1912,3.746,0.66,-0.17,0.75
1896,5.422,0.86,0.09,0.75
1884,7.478,0.93,-0.15,0.75
43,6.776,0.89,-0.17,0.75
469,5.088,0.92,0.04,0.75
1070,3.676,0.82,-0.05,0.75
604,4.659,0.62,-0.23,0.75
654,6.452,0.83,0.2,0.75
1254,3.737,0.68,0.08,0.75
1156,5.219,0.7,-0.19,0.76
1390,5.547,0.85,-0.05,0.76
887,5.882,0.91,-0.03,0.76
478,5.062,0.89,-0.07,0.76
1058,5.77,0.83,0.26,0.76
673,4.768,0.66,0.1,0.76
1161,5.615,0.88,-0.08,0.76
1359,5.677,0.87,0.19,0.76
1364,5.801,0.94,-0.07,0.76
1388,4.977,0.85,0.02,0.76
1173,5.057,0.53,-0.24,0.76
548,4.18,0.73,0,0.76
124,4.986,0.61,-0.07,0.76
784,4.462,0.7,0,0.76
1154,5.455,0.8,-0.21,0.76
257,4.927,0.66,-0.01,0.76
835,4.543,0.62,-0.04,0.76
153,6.935,0.93,-0.05,0.76
1175,4.595,0.88,0.04,0.76
336,6.844,0.86,0.22,0.76
726,7.591,0.98,0.24,0.76
32,5.043,0.8,-0.15,0.76
477,5.387,0.89,-0.02,0.76
1245,5.386,0.8,-0.02,0.76
1621,4.181,0.84,0.14,0.76
1767,4.872,0.79,-0.14,0.76
480,5.605,0.89,-0.12,0.76
1064,4.014,0.76,-0.07,0.76
406,6.854,0.88,-0.06,0.76
232,6.451,0.9,-0.06,0.76
669,3.505,0.58,0.01,0.76
782,4.493,0.68,0.02,0.76
378,4.609,0.63,0.08,0.76
481,5.433,0.86,-0.15,0.76
1362,5.119,0.96,0,0.76
1155,5.223,0.82,-0.23,0.76
401,7.271,0.92,0.05,0.76
182,6.086,0.83,-0.04,0.76
386,4.884,0.66,-0.13,0.76
326,4.486,0.58,0.02,0.76
100,4.911,0.76,-0.14,0.76
360,6.168,0.88,-0.04,0.76
231,6.191,0.88,-0.12,0.76
1764,5.326,0.88,-0.07,0.76
1762,5.58,0.86,-0.02,0.76
1112,6.963,0.87,-0.08,0.76
1690,4.967,0.7,0.06,0.76
650,5.788,0.78,-0.24,0.76
252,3.326,0.75,-0.02,0.76
743,4.179,0.61,0.05,0.76
125,4.724,0.58,-0.03,0.76
663,6.627,0.84,-0.01,0.77
1492,4.617,0.7,-0.11,0.77
1049,3.335,0.53,0.07,0.77
172,4.853,0.44,-0.06,0.77
249,4.036,0.77,-0.04,0.77
983,4.898,0.82,-0.09,0.77
1683,4.613,0.72,-0.09,0.77
1158,5.283,0.86,0.1,0.77
1162,5.65,0.86,-0.05,0.77
162,6.451,0.87,0.03,0.77
1620,3.977,0.81,0.26,0.77
850,6.057,0.9,-0.14,0.77
813,6.927,0.91,0.06,0.77
1209,4.737,0.82,0.13,0.77
85,7.401,0.95,0.12,0.77
1930,4.348,0.77,0.12,0.77
836,5.038,0.66,-0.11,0.77
1584,5.39,0.75,-0.1,0.77
1168,5.142,0.6,-0.21,0.77
1387,5.002,0.81,0.05,0.77
623,5.22,0.73,0.14,0.77
1902,5.023,0.76,-0.03,0.77
228,6.547,0.91,-0.02,0.77
1885,6.58,0.93,-0.23,0.77
470,5.081,0.85,-0.01,0.77
521,6.325,0.83,-0.15,0.77
1108,6.015,0.89,-0.04,0.77
664,6.262,0.77,-0.06,0.77
1029,4.64,0.78,-0.1,0.77
123,4.858,0.55,-0.02,0.77
1360,5.82,0.93,0.2,0.77
494,6.115,0.84,-0.02,0.77
94,4.728,0.85,-0.23,0.77
487,6.022,0.78,-0.11,0.77
1768,4.862,0.86,-0.11,0.77
269,4.161,0.72,0.42,0.78
5,3.783,0.52,0.24,0.78
987,3.701,0.59,0.12,0.78
1325,4.443,0.62,0.12,0.78
122,5.083,0.53,-0.07,0.78
1882,6.258,0.92,-0.23,0.78
742,4.342,0.61,-0.01,0.78
1613,6.513,0.91,-0.07,0.78
839,5.257,0.61,0.02,0.78
1099,4.678,0.78,-0.15,0.78
1260,3.798,0.7,-0.06,0.78
682,3.57,0.56,0.31,0.78
1265,4.616,0.58,-0.03,0.78
525,6.339,0.83,-0.17,0.78
1123,5.964,0.78,-0.12,0.78
672,5.252,0.63,0.09,0.78
473,4.735,0.86,-0.07,0.78
1358,5.841,0.89,0.08,0.78
778,4.725,0.75,-0.07,0.78
747,4.225,0.62,0.07,0.78
582,3.8,0.73,-0.15,0.78
407,7.136,0.9,-0.03,0.78
744,4.046,0.61,-0.04,0.78
229,6.375,0.91,-0.1,0.78
1159,5.125,0.74,-0.14,0.78
409,7.141,0.88,-0.11,0.78
183,5.781,0.81,-0.07,0.78
522,5.857,0.8,-0.19,0.78
583,3.918,0.83,-0.2,0.78
1062,5.428,0.84,0.12,0.78
163,5.956,0.76,0.02,0.78
334,6.599,0.86,0.2,0.78
309,4.16,0.53,0.08,0.78
1015,6.064,0.92,-0.25,0.78
1386,4.994,0.79,0.07,0.78
1747,4.764,0.68,-0.23,0.78
697,6.02,0.84,0.07,0.78
1602,6.995,0.96,-0.09,0.78
551,4.549,0.82,0.19,0.78
1671,5.548,0.83,-0.02,0.78
1111,6.829,0.88,-0.13,0.78
515,5.296,0.72,-0.01,0.79
1106,5.882,0.91,-0.07,0.79
1921,4.824,0.8,-0.01,0.79
1756,5.118,0.64,-0.19,0.79
1558,6.665,0.95,-0.1,0.79
119,4.319,0.67,0.07,0.79
191,5.916,0.83,-0.09,0.79
1516,4.5,0.87,0.03,0.79
520,5.934,0.81,-0.15,0.79
400,7.615,0.9,0.07,0.79
1069,4.313,0.82,-0.09,0.79
1409,6.139,0.95,-0.01,0.79
1389,5.313,0.81,-0.02,0.79
1585,5.648,0.81,-0.1,0.79
1908,5.467,0.85,-0.13,0.79
405,7.247,0.91,0.01,0.79
474,5.397,0.87,0.01,0.79
1949,3.16,0.72,-0.01,0.79
779,4.66,0.73,-0.02,0.79
967,5.97,0.94,-0.19,0.79
1897,5.48,0.8,0.2,0.79
127,4.636,0.58,-0.1,0.79
810,7.079,0.86,0.11,0.79
1013,6.273,0.93,-0.17,0.79
164,3.33,0.44,-0.01,0.79
1193,4.574,0.76,-0.18,0.79
385,4.119,0.62,-0.07,0.79
627,5.608,0.72,0.01,0.79
996,5.754,0.85,-0.03,0.79
1624,4.268,0.8,0.3,0.79
1571,4.652,0.92,-0.2,0.79
837,5.268,0.62,-0.05,0.79
1033,3.676,0.66,-0.02,0.79
1612,6.23,0.9,-0.03,0.79
1686,4.575,0.68,0,0.79
1319,5.138,0.61,0.1,0.79
1391,5.431,0.82,-0.07,0.79
218,3.471,0.77,-0.24,0.79
608,6.417,0.93,0.17,0.79
325,4.559,0.66,0.01,0.79
1322,5.549,0.63,0.09,0.79
812,7.331,0.92,0.15,0.79
534,5.364,0.89,-0.19,0.79
696,5.648,0.77,0.08,0.79
1075,4.416,0.69,-0.03,0.79
532,5.138,0.87,-0.23,0.79
1913,4.061,0.68,-0.17,0.79
9,4.22,0.56,0.04,0.79
377,3.973,0.62,0.09,0.79
1633,4.139,0.81,-0.06,0.79
1313,5.671,0.48,0.09,0.79
403,7.272,0.9,0.05,0.79
1493,4.595,0.84,-0.09,0.79
904,4.619,0.68,0.31,0.79
666,3.652,0.54,0,0.79
230,6.333,0.9,-0.18,0.79
179,5.374,0.83,-0.04,0.79
1243,5.353,0.83,0.07,0.79
655,6.29,0.86,0.17,0.79
99,4.68,0.73,-0.1,0.8
1731,2.839,0.44,-0.08,0.8
1496,5.489,0.69,-0.02,0.8
1346,6.86,0.9,0,0.8
653,6.414,0.87,0.21,0.8
1559,6.462,0.95,-0.08,0.8
529,5.371,0.91,-0.26,0.8
1594,5.84,0.8,-0.09,0.8
985,3.795,0.77,-0.14,0.8
524,6.14,0.79,-0.18,0.8
1329,4.47,0.74,-0.09,0.8
397,7.082,0.94,0.06,0.8
246,3.801,0.8,0.03,0.8
1604,6.199,0.93,-0.13,0.8
591,5.164,0.69,0.41,0.8
965,5.978,0.9,-0.15,0.8
1582,5.332,0.78,-0.05,0.8
892,4.576,0.84,0.05,0.8
1324,5.472,0.69,0.07,0.8
783,4.413,0.72,-0.05,0.8
966,5.901,0.91,-0.21,0.8
1052,6.239,0.87,0.09,0.8
1905,5.062,0.88,-0.09,0.8
838,5.392,0.68,-0.02,0.8
549,4.379,0.74,0.04,0.8
1574,3.661,0.84,-0.08,0.8
381,3.919,0.62,-0.11,0.8
1755,5.623,0.79,-0.18,0.8
662,6.325,0.83,-0.06,0.8
1072,4.582,0.83,-0.07,0.8
526,6.241,0.82,-0.1,0.8
253,3.481,0.74,0,0.8
502,5.066,0.74,-0.1,0.8
1120,6.41,0.8,-0.2,0.8
486,5.297,0.83,-0.09,0.8
181,5.298,0.79,-0.09,0.8
426,6.833,0.81,0.05,0.8
881,5.736,0.9,-0.24,0.8
1244,5.687,0.86,0.02,0.8
121,5.052,0.47,-0.04,0.8
176,5.569,0.82,0.35,0.8
1174,4.803,0.55,-0.23,0.8
1583,5.767,0.83,-0.06,0.8
670,3.603,0.68,-0.06,0.8
698,5.908,0.83,0.1,0.8
1548,5.83,0.92,-0.02,0.8
962,5.729,0.88,-0.04,0.8
811,7.159,0.89,0.15,0.8
659,6.536,0.83,0.11,0.8
523,6.018,0.79,-0.16,0.8
1384,4.88,0.78,0,0.8
1495,4.769,0.74,-0.07,0.8
1766,5.186,0.85,-0.18,0.8
745,3.818,0.64,0.08,0.81
1483,4.417,0.76,-0.05,0.81
884,5.97,0.8,0,0.81
488,5.838,0.84,-0.06,0.81
472,5.432,0.88,-0.05,0.81
167,3.193,0.52,-0.11,0.81
1763,5.514,0.85,-0.02,0.81
120,4.607,0.51,0.04,0.81
208,5.451,0.83,-0.16,0.81
1926,5.013,0.78,0.01,0.81
1779,3.734,0.76,-0.04,0.81
514,5.701,0.88,-0.06,0.81
217,3.461,0.79,-0.25,0.81
391,4.639,0.77,-0.03,0.81
262,2.905,0.56,-0.06,0.81
358,6.025,0.91,-0.01,0.81
372,5.709,0.8,-0.08,0.81
963,5.881,0.88,-0.08,0.81
383,4.056,0.69,-0.11,0.81
1907,5.296,0.83,-0.04,0.81
1122,6.432,0.85,-0.14,0.81
1735,4.023,0.6,-0.01,0.81
1119,6.824,0.89,-0.15,0.81
1121,6.55,0.86,-0.18,0.81
968,6.229,0.93,-0.08,0.81
1928,4.346,0.71,-0.01,0.81
396,4.311,0.67,0.07,0.81
847,6.238,0.94,-0.09,0.81
652,6.33,0.87,0.14,0.81
1934,4.838,0.77,0.06,0.81
1365,5.713,0.9,0,0.81
1349,6.606,0.88,-0.01,0.81
1404,6.007,0.89,-0.09,0.81
581,3.972,0.74,-0.2,0.81
1107,6.241,0.91,-0.05,0.81
1197,4.451,0.74,-0.1,0.81
1944,3.703,0.74,-0.12,0.81
1067,3.762,0.75,-0.03,0.81
1932,4.041,0.72,0.05,0.81
1749,4.521,0.7,-0.16,0.81
1758,5.49,0.79,-0.19,0.81
1789,4.233,0.75,0.13,0.81
337,6.533,0.83,0.04,0.81
676,3.846,0.68,0.26,0.81
342,6.151,0.89,0.03,0.81
186,5.767,0.8,-0.07,0.81
271,3.674,0.65,0.16,0.81
661,6.359,0.81,0.01,0.81
1385,4.942,0.8,0.03,0.81
1577,4.77,0.88,-0.07,0.81
404,7.158,0.9,0.02,0.81
1889,5.569,0.91,-0.12,0.81
1508,6.241,0.9,-0.04,0.81
393,4.414,0.82,0.01,0.81
209,3.553,0.87,-0.14,0.81
622,4.535,0.73,0.21,0.81
211,4.836,0.84,-0.2,0.81
1347,6.866,0.9,0.02,0.81
1264,4.235,0.68,-0.02,0.81
362,6.408,0.89,-0.05,0.81
1152,5.196,0.83,-0.13,0.81
1748,5.132,0.61,-0.23,0.81
1901,5.535,0.78,-0.11,0.81
699,5.93,0.8,0.06,0.81
1733,3.879,0.51,-0.01,0.82
667,3.902,0.57,0.09,0.82
399,6.851,0.92,0.1,0.82
1790,4.001,0.74,0.06,0.82
52,5.901,0.9,-0.12,0.82
210,3.52,0.86,-0.25,0.82
340,6.436,0.89,-0.06,0.82
36,3.937,0.72,-0.1,0.82
1703,4.074,0.88,-0.05,0.82
848,5.911,0.89,-0.14,0.82
44,6.468,0.9,-0.15,0.82
585,4.832,0.78,-0.2,0.82
1383,4.589,0.8,0.08,0.82
658,5.985,0.83,0.04,0.82
180,5.628,0.8,0,0.82
1208,5.1,0.84,0.17,0.82
292,4.937,0.71,-0.01,0.82
54,4.882,0.76,-0.25,0.82
509,4.557,0.81,-0.14,0.82
809,7.401,0.89,0.09,0.82
1105,6.174,0.91,0.09,0.82
989,4.196,0.83,-0.04,0.82
1611,6.319,0.94,-0.05,0.82
1242,5.104,0.86,0.08,0.82
1572,4.931,0.86,-0.15,0.82
1066,3.977,0.73,0.01,0.82
190,5.651,0.78,-0.12,0.82
398,7.432,0.92,0.1,0.82
324,4.029,0.62,0.05,0.82
1580,5.035,0.85,-0.13,0.82
690,5.866,0.8,0.11,0.82
883,5.835,0.89,-0.23,0.82
1163,5.386,0.83,-0.1,0.82
1943,4.184,0.77,-0.07,0.82
1575,4.828,0.88,-0.12,0.82
1786,3.71,0.88,0.05,0.82
657,5.856,0.8,0.02,0.82
275,4.586,0.77,0.09,0.82
1672,6.229,0.83,0,0.82
660,6.465,0.82,0.05,0.82
1610,6.381,0.96,-0.07,0.82
880,5.514,0.9,-0.22,0.82
587,4.783,0.78,-0.2,0.82
1622,4.225,0.82,0.16,0.82
45,6.582,0.91,-0.13,0.82
1455,5.495,0.89,-0.07,0.82
6,3.572,0.48,0.06,0.82
1207,4.812,0.75,0.23,0.82
1047,3.476,0.52,0.07,0.82
1372,5.892,0.76,-0.12,0.82
888,6.008,0.94,-0.1,0.82
645,5.623,0.83,-0.27,0.82
389,3.984,0.73,-0.02,0.82
1045,4.563,0.51,0.06,0.82
1295,4.976,0.77,-0.05,0.82
1509,6.042,0.85,0.15,0.82
1517,4.909,0.61,0.05,0.82
184,5.779,0.82,-0.04,0.82
273,4.162,0.73,0.21,0.83
1494,4.683,0.74,-0.04,0.83
165,3.667,0.38,0,0.83
1792,4.948,0.81,0.14,0.83
1241,4.944,0.87,0.14,0.83
687,5.097,0.82,0.23,0.83
503,4.669,0.77,-0.08,0.83
1888,6.136,0.9,-0.2,0.83
1484,4.68,0.72,0,0.83
1587,6.947,0.81,-0.05,0.83
1883,7.189,0.94,-0.12,0.83
1939,4.682,0.86,-0.09,0.83
901,4.396,0.71,0.3,0.83
277,4.998,0.76,0.01,0.83
995,5.121,0.71,0.05,0.83
1556,6.167,0.93,-0.03,0.83
1916,2.983,0.67,-0.14,0.83
1016,6.391,0.95,-0.12,0.83
739,4.72,0.51,0.07,0.83
485,4.996,0.84,-0.06,0.83
1940,4.846,0.86,-0.09,0.83
1784,4.826,0.88,0.03,0.83
51,6.086,0.9,-0.21,0.83
1511,3.585,0.69,0.25,0.83
1948,2.694,0.76,-0.06,0.83
496,6.128,0.85,-0.1,0.83
1942,4.69,0.8,-0.1,0.83
1194,4.441,0.83,-0.19,0.83
187,5.865,0.82,0.02,0.83
1589,5.959,0.8,-0.05,0.83
1933,3.307,0.64,0.08,0.83
1730,2.936,0.3,-0.07,0.83
741,4.424,0.62,-0.03,0.83
327,4.251,0.64,0.06,0.83
740,4.428,0.55,0.08,0.83
1910,4.809,0.76,-0.05,0.83
380,4.51,0.64,-0.11,0.83
247,4.017,0.77,-0.06,0.83
427,6.387,0.82,0.07,0.83
1590,5.801,0.74,-0.04,0.83
37,3.795,0.75,-0.17,0.83
694,5.056,0.79,0.02,0.83
311,3.678,0.39,-0.02,0.83
1046,3.868,0.49,0.06,0.83
1277,5.322,0.73,0.12,0.83
674,5.993,0.85,0.11,0.84
410,6.998,0.91,-0.15,0.84
339,6.32,0.88,-0.02,0.84
724,6.038,0.94,-0.12,0.84
1510,3.628,0.56,0.1,0.84
905,4.547,0.67,0.26,0.84
293,5.241,0.72,0.05,0.84
961,5.07,0.83,-0.07,0.84
402,7.229,0.89,-0.03,0.84
1490,3.647,0.82,-0.05,0.84
1352,6.281,0.9,-0.13,0.84
1350,6.118,0.88,-0.1,0.84
361,6.272,0.89,-0.05,0.84
1887,6.553,0.9,-0.22,0.84
1785,4.309,0.88,0.08,0.84
171,4.007,0.49,-0.07,0.84
1616,4.345,0.86,0.06,0.84
1898,5.304,0.82,-0.06,0.84
1060,6.322,0.82,0.22,0.84
373,3.476,0.63,-0.07,0.84
1573,5.134,0.91,-0.16,0.84
1555,5.937,0.93,-0.05,0.84
1153,4.801,0.82,-0.1,0.84
683,3.352,0.58,0.29,0.84
633,5.481,0.67,0.08,0.84
1192,4.886,0.83,-0.1,0.84
1557,6.249,0.94,-0.12,0.84
497,5.809,0.81,-0.11,0.84
988,4.221,0.62,-0.03,0.84
1345,7.248,0.88,0.01,0.84
185,6.019,0.78,-0.01,0.84
1605,6.188,0.95,-0.14,0.84
1751,4.741,0.73,-0.19,0.84
274,4.461,0.75,0.08,0.84
1782,4.612,0.85,-0.04,0.84
1171,5.312,0.64,-0.22,0.84
428,6.69,0.84,0.18,0.84
1206,4.975,0.79,0.12,0.84
1591,5.78,0.77,-0.04,0.84
1351,6.568,0.91,-0.17,0.84
1090,4.248,0.67,-0.02,0.84
1354,4.73,0.9,0.07,0.84
49,6.039,0.91,-0.19,0.84
1579,4.884,0.84,-0.05,0.84
1381,4.67,0.8,0.06,0.84
384,4.691,0.64,-0.1,0.84
1056,5.786,0.77,-0.02,0.84
1098,4.472,0.78,-0.17,0.84
1169,5.163,0.61,-0.23,0.84
1623,4.365,0.81,0.27,0.84
1318,5.132,0.54,0.16,0.84
271,3.883,0.69,0.24,0.84
1151,6.011,0.92,0.14,0.84
367,6.388,0.89,-0.1,0.84
1172,4.897,0.55,-0.23,0.84
686,5.397,0.93,0.09,0.84
290,5.074,0.69,-0.03,0.84
1607,6.291,0.94,-0.06,0.84
1055,5.58,0.84,0.03,0.84
1289,4.428,0.73,-0.04,0.84
1891,5.071,0.9,-0.17,0.84
830,6.488,0.89,-0.15,0.84
1327,4.151,0.71,-0.08,0.84
1947,3.616,0.78,-0.07,0.84
1626,4.331,0.82,0.09,0.84
903,4.656,0.71,0.29,0.84
1240,4.46,0.88,0.01,0.84
879,5.383,0.89,-0.25,0.84
638,6.647,0.81,-0.19,0.84
1164,5.722,0.89,0.06,0.84
1549,6.083,0.92,0.03,0.84
1059,5.963,0.86,0.24,0.84
1167,4.97,0.68,-0.19,0.84
310,3.568,0.48,-0.04,0.85
1606,6.518,0.94,-0.12,0.85
1670,6.189,0.88,-0.03,0.85
1195,4.834,0.86,-0.17,0.85
588,4.914,0.76,-0.2,0.85
634,5.004,0.76,0.06,0.85
1076,4.988,0.75,-0.04,0.85
1348,6.631,0.87,0,0.85
1057,5.914,0.84,0.02,0.85
1617,4.415,0.84,0.11,0.85
1102,5.477,0.8,0.19,0.85
636,5.319,0.64,0.2,0.85
1036,4.079,0.63,-0.03,0.85
363,6.464,0.9,-0.07,0.85
17,5.51,0.78,-0.17,0.85
1314,4.414,0.37,0.1,0.85
1454,5.441,0.91,-0.12,0.85
1405,6.162,0.92,-0.09,0.85
649,5.952,0.89,-0.29,0.85
677,3.766,0.55,0.22,0.85
695,4.845,0.77,-0.1,0.85
1091,4.5,0.82,0.04,0.85
435,6.276,0.83,-0.02,0.85
1519,4.09,0.65,0.08,0.85
1781,4.569,0.81,-0.05,0.85
1149,5.465,0.94,0.05,0.85
808,7.321,0.91,0.15,0.85
418,5.205,0.77,-0.1,0.85
1160,5.304,0.87,-0.09,0.85
786,4.785,0.71,-0.02,0.85
899,4.905,0.77,0.17,0.85
166,3.87,0.48,-0.14,0.85
53,4.289,0.68,-0.23,0.85
1728,3.202,0.44,-0.01,0.85
2,4.402,0.55,0.19,0.85
170,3.625,0.43,-0.03,0.85
1487,4.372,0.76,-0.08,0.85
1593,5.874,0.81,0.01,0.85
580,4.255,0.65,-0.21,0.85
47,6.697,0.93,-0.17,0.85
48,6.427,0.88,-0.19,0.85
434,6.062,0.82,0.04,0.85
448,7.034,0.93,-0.29,0.85
1506,5.122,0.88,-0.08,0.85
1316,5.786,0.57,0.3,0.85
1014,6.309,0.93,-0.24,0.85
38,6.313,0.94,-0.16,0.85
1489,3.669,0.71,-0.04,0.85
900,4.358,0.78,0.22,0.85
189,5.77,0.8,-0.05,0.85
1576,4.887,0.9,-0.13,0.85
1757,5.213,0.75,-0.23,0.85
1042,3.946,0.61,0.1,0.85
979,5.271,0.83,0.03,0.85
1911,4.35,0.73,-0.1,0.85
675,3.754,0.69,0.4,0.85
1031,3.551,0.67,-0.05,0.85
371,6.35,0.87,-0.17,0.85
1609,6.456,0.95,-0.03,0.85
902,4.476,0.71,0.23,0.85
1176,4.833,0.75,0.07,0.85
46,6.671,0.92,-0.16,0.85
776,4.775,0.86,-0.2,0.85
1514,4.502,0.78,0,0.85
42,6.441,0.93,-0.13,0.85
498,5.354,0.8,-0.16,0.85
370,5.984,0.87,-0.15,0.85
169,3.347,0.51,-0.1,0.85
1783,4.193,0.83,-0.01,0.85
50,5.793,0.9,-0.21,0.86
718,5.181,0.84,-0.15,0.86
1297,5.234,0.8,-0.06,0.86
1520,4.306,0.65,0.1,0.86
975,4.573,0.71,-0.01,0.86
287,4.24,0.78,-0.07,0.86
1515,4.514,0.71,-0.07,0.86
1627,4.435,0.83,0.11,0.86
168,3.479,0.58,-0.08,0.86
1791,4.322,0.74,0.08,0.86
1290,4.18,0.69,-0.06,0.86
390,4.517,0.74,-0.03,0.86
635,4.967,0.75,0.12,0.86
1044,4.035,0.56,0.08,0.86
689,6.033,0.82,0.12,0.86
1317,5.267,0.51,0.03,0.86
192,5.674,0.78,-0.09,0.86
1357,5.576,0.9,0.03,0.86
318,3.743,0.73,0.02,0.86
940,4.905,0.86,0.2,0.86
1054,5.385,0.79,-0.01,0.86
338,6.579,0.84,0.1,0.86
98,4.219,0.69,-0.12,0.86
504,4.174,0.75,-0.15,0.86
1568,5.204,0.79,-0.16,0.86
1941,4.955,0.9,-0.1,0.86
777,5.065,0.85,-0.12,0.86
1705,3.852,0.8,0.05,0.86
312,2.693,0.29,0.03,0.86
1504,5.318,0.82,-0.06,0.86
1625,4.612,0.86,0.32,0.86
359,6.138,0.89,-0.04,0.86
259,3.563,0.29,-0.02,0.86
891,4.223,0.91,-0.02,0.86
214,3.762,0.82,-0.12,0.86
648,5.409,0.79,-0.34,0.86
341,5.942,0.87,-0.1,0.86
1293,5.186,0.83,0.02,0.86
1294,5.204,0.79,0.03,0.86
761,5.347,0.8,0.56,0.86
1034,3.593,0.65,-0.04,0.86
898,3.795,0.82,0.21,0.86
843,5.311,0.87,0,0.86
1618,4.431,0.82,0.16,0.86
1452,5.579,0.9,-0.14,0.86
1592,5.971,0.81,0.03,0.86
734,5.027,0.57,-0.05,0.86
1073,4.016,0.84,-0.07,0.86
807,7.111,0.9,0.15,0.86
188,5.834,0.83,-0.03,0.86
737,4.989,0.6,0.06,0.86
1074,4.742,0.74,-0.07,0.86
624,4.965,0.62,0.12,0.86
1363,5.56,0.91,-0.01,0.86
18,4.551,0.76,-0.13,0.86
656,5.743,0.77,0.01,0.86
278,4.377,0.72,0.05,0.86
688,5.42,0.83,0.22,0.86
1518,4.733,0.66,0.11,0.86
1628,4.213,0.81,0.05,0.86
14,5.485,0.83,-0.16,0.86
1507,5.936,0.85,-0.1,0.86
1035,3.663,0.75,-0.07,0.86
1177,4.654,0.76,0.01,0.86
64,4.288,0.7,-0.15,0.86
1578,4.514,0.87,-0.13,0.86
1148,5.334,0.92,0.12,0.86
876,5.476,0.87,-0.27,0.86
40,5.961,0.89,-0.13,0.86
1291,4.898,0.78,-0.09,0.87
877,5.719,0.86,-0.25,0.87
436,6.137,0.78,-0.01,0.87
1453,5.514,0.91,-0.15,0.87
829,6.445,0.84,-0.08,0.87
1278,5.252,0.74,-0.01,0.87
1569,5.346,0.81,-0.1,0.87
1377,5.701,0.8,-0.13,0.87
1702,3.229,0.81,0.14,0.87
394,3.903,0.77,-0.05,0.87
447,6.79,0.9,-0.18,0.87
827,6.199,0.92,-0.04,0.87
584,4.661,0.76,-0.19,0.87
993,4.424,0.68,-0.01,0.87
1373,5.825,0.76,-0.08,0.87
1422,5.768,0.87,-0.24,0.87
286,4.271,0.76,-0.03,0.87
430,5.439,0.74,0.1,0.87
964,5.94,0.92,-0.16,0.87
693,4.713,0.79,-0.03,0.87
1032,3.816,0.67,-0.02,0.87
760,5.34,0.81,0.51,0.87
802,6.841,0.87,0.22,0.87
994,4.135,0.73,0.05,0.87
288,5.038,0.65,0.05,0.87
193,5.559,0.8,-0.05,0.87
431,5.627,0.77,0.06,0.87
586,4.782,0.81,-0.23,0.87
764,5.129,0.63,0.05,0.87
364,6.375,0.91,-0.01,0.87
1750,4.124,0.72,-0.22,0.87
1353,6.086,0.89,-0.2,0.87
990,4.571,0.71,-0.03,0.87
1449,6.037,0.93,-0.26,0.87
1288,4.494,0.81,0.08,0.87
284,4.434,0.74,-0.03,0.87
1296,5.346,0.87,0.08,0.87
1488,3.834,0.6,-0.16,0.87
1374,5.783,0.8,-0.07,0.87
429,6.181,0.77,0.1,0.87
1268,4.71,0.74,0.08,0.87
95,4.568,0.75,-0.21,0.87
1929,4.843,0.69,-0.04,0.87
7,3.131,0.53,0.1,0.87
692,4.602,0.78,0,0.87
763,5.336,0.72,0.06,0.87
647,5.148,0.75,-0.29,0.87
1788,4.238,0.75,0.14,0.87
1279,4.356,0.73,0.03,0.87
1150,5.563,0.95,0.15,0.87
1380,5.999,0.81,-0.13,0.87
315,4.141,0.48,-0.01,0.87
1315,5.208,0.52,0.08,0.87
1521,3.447,0.61,0.07,0.87
942,5.63,0.88,0.14,0.87
58,4.26,0.71,-0.23,0.87
13,4.634,0.82,-0.01,0.87
283,4.554,0.76,0,0.87
626,4.606,0.74,0.07,0.87
395,4.522,0.86,-0.02,0.87
369,6.157,0.91,-0.16,0.88
1166,5.085,0.83,-0.22,0.88
55,4.652,0.71,-0.22,0.88
22,4.64,0.64,-0.03,0.88
319,4.393,0.82,0.03,0.88
882,5.759,0.89,-0.17,0.88
16,5.867,0.76,-0.2,0.88
1726,6.022,0.9,0.31,0.88
1205,4.605,0.74,0.15,0.88
1753,4.731,0.72,-0.2,0.88
1300,5.054,0.75,0.13,0.88
1793,4.641,0.8,0.15,0.88
1375,5.866,0.82,-0.14,0.88
1706,3.483,0.79,0.11,0.88
1723,6.074,0.91,0.36,0.88
265,4.156,0.68,0.12,0.88
931,4.641,0.84,-0.14,0.88
1196,4.436,0.84,-0.17,0.88
1485,4.683,0.76,-0.03,0.88
1103,5.648,0.78,0.18,0.88
289,4.816,0.66,0,0.88
1420,5.92,0.89,-0.26,0.88
1344,7.321,0.93,-0.01,0.88
1410,5.405,0.91,-0.18,0.88
629,4.965,0.68,-0.07,0.88
1382,5.074,0.8,-0.02,0.88
1370,5.519,0.8,-0.08,0.88
505,4.204,0.74,-0.14,0.88
1780,4.456,0.84,0,0.88
1371,5.613,0.81,-0.06,0.88
8,3.983,0.53,0.08,0.88
1342,6.931,0.92,0.06,0.88
322,3.46,0.73,-0.07,0.88
1419,5.711,0.9,-0.18,0.88
39,6.073,0.86,-0.14,0.88
1,3.724,0.45,0.17,0.88
1366,5.653,0.89,0.03,0.88
56,4.178,0.68,-0.21,0.88
321,3.508,0.71,-0.05,0.88
1925,4.999,0.86,0,0.88
19,4.814,0.63,-0.02,0.88
844,5.89,0.91,-0.13,0.88
1204,4.233,0.73,0.07,0.88
723,6,0.95,-0.19,0.88
449,6.897,0.96,-0.13,0.88
1376,5.577,0.8,-0.09,0.88
1053,5.807,0.8,0.04,0.88
1724,5.939,0.88,0.21,0.88
1137,5.803,0.81,-0.09,0.88
691,4.961,0.77,0.1,0.88
419,5.417,0.8,-0.06,0.88
291,5.251,0.68,0.04,0.88
320,4.033,0.67,-0.03,0.88
944,5.685,0.88,0,0.88
41,6.424,0.92,-0.13,0.88
20,4.607,0.64,-0.08,0.88
1807,4.702,0.88,-0.08,0.89
1914,4.218,0.69,-0.18,0.89
845,6.309,0.88,-0.14,0.89
1915,3.968,0.64,-0.16,0.89
1043,4.279,0.6,0.17,0.89
1746,5.246,0.65,-0.21,0.89
721,6.065,0.88,-0.14,0.89
445,6.608,0.91,-0.15,0.89
366,6.449,0.91,-0.09,0.89
785,4.886,0.76,-0.07,0.89
1704,4.007,0.83,0.21,0.89
248,3.846,0.73,-0.1,0.89
828,6.517,0.91,-0.02,0.89
1401,5.876,0.94,-0.03,0.89
266,4.462,0.62,0.05,0.89
323,4.323,0.75,-0.03,0.89
1752,4.315,0.61,-0.21,0.89
978,5.172,0.74,0.07,0.89
1037,4.071,0.67,0,0.89
1343,7.034,0.91,0.01,0.89
313,3.476,0.32,0.07,0.89
758,5.136,0.79,0.5,0.89
625,4.198,0.63,0.01,0.89
1505,5.753,0.89,-0.07,0.89
819,6.334,0.88,0.24,0.89
1890,4.041,0.9,-0.15,0.89
270,3.899,0.61,0.25,0.89
1923,4.73,0.62,0.06,0.89
982,4.024,0.87,-0.08,0.89
57,4.368,0.66,-0.18,0.89
1104,5.61,0.84,0.14,0.89
1551,6.063,0.92,-0.02,0.89
1199,4.748,0.79,0.32,0.89
1804,4.029,0.88,0.01,0.89
1356,5.57,0.89,0.06,0.89
735,5.146,0.68,-0.07,0.89
806,7.433,0.89,0.14,0.89
25,5.365,0.71,0.01,0.89
420,5.343,0.77,-0.1,0.89
1270,4.939,0.78,0.12,0.89
937,5.208,0.86,-0.08,0.89
1554,5.741,0.9,0.01,0.89
59,4.32,0.68,-0.22,0.89
432,5.439,0.77,0.11,0.89
1550,6.036,0.93,-0.03,0.89
632,4.514,0.65,0.09,0.89
1061,5.339,0.79,0.13,0.89
736,4.522,0.65,-0.03,0.89
960,5.125,0.85,-0.04,0.89
712,4.954,0.93,-0.16,0.9
1367,4.811,0.87,-0.07,0.9
1378,5.711,0.83,-0.15,0.9
268,4.141,0.7,0.35,0.9
934,5.069,0.85,-0.14,0.9
1800,5.03,0.9,-0.22,0.9
1369,5.129,0.78,-0.07,0.9
939,5.252,0.9,0.36,0.9
444,6.484,0.88,-0.17,0.9
1030,4.381,0.82,-0.06,0.9
368,6.234,0.88,-0.1,0.9
433,5.795,0.79,-0.03,0.9
1403,5.75,0.92,-0.06,0.9
1714,5.784,0.89,0.39,0.9
1398,5.772,0.92,0.07,0.9
628,5.057,0.69,0.04,0.9
1787,3.77,0.82,0.01,0.9
285,4.245,0.74,-0.03,0.9
803,7.261,0.86,0.14,0.9
365,6.607,0.9,-0.07,0.9
646,5.303,0.8,-0.26,0.9
23,5.004,0.68,0.01,0.9
878,5.886,0.84,-0.22,0.9
1745,4.464,0.61,-0.18,0.9
938,5.402,0.85,-0.09,0.9
60,4.277,0.72,-0.2,0.9
1739,6.519,0.86,0.08,0.9
1200,4.441,0.82,0.29,0.9
1146,4.983,0.91,0.17,0.9
759,5.098,0.8,0.49,0.9
446,6.736,0.93,-0.2,0.9
1273,5.493,0.82,0.07,0.9
1147,5.057,0.95,0.09,0.9
1546,6.519,0.95,-0.07,0.9
245,5.598,0.92,0,0.9
484,5.024,0.91,-0.09,0.9
21,4.511,0.64,-0.02,0.9
992,3.355,0.64,0.03,0.9
62,4.348,0.72,-0.2,0.9
970,4.653,0.85,0.07,0.9
805,7.359,0.88,0.15,0.9
831,4.197,0.67,-0.15,0.9
1361,5.936,0.94,0.05,0.9
1701,3.408,0.84,0.31,0.9
991,2.702,0.64,-0.06,0.9
826,5.955,0.93,-0.08,0.9
1716,5.476,0.89,0.52,0.9
1570,5.218,0.88,-0.15,0.9
1399,5.887,0.96,0,0.9
1276,5.22,0.8,0.04,0.9
1935,3.826,0.82,-0.08,0.9
1497,4.75,0.84,-0.17,0.9
1274,4.818,0.66,0.05,0.91
1379,5.68,0.85,-0.18,0.91
35,4.36,0.75,-0.14,0.91
1707,3.661,0.79,0.15,0.91
1538,5.911,0.93,-0.03,0.91
1725,6.012,0.87,0.26,0.91
981,5.167,0.83,-0.07,0.91
279,3.851,0.69,-0.01,0.91
1537,5.945,0.92,0.01,0.91
1536,6.052,0.92,-0.1,0.91
943,5.297,0.9,0.27,0.91
719,5.344,0.86,-0.2,0.91
738,4.635,0.55,-0.04,0.91
1400,5.646,0.9,-0.07,0.91
1502,5.102,0.83,-0.1,0.91
822,5.839,0.87,0.11,0.91
1145,4.825,0.94,0.15,0.91
1719,6.3,0.91,0.38,0.91
841,5.374,0.85,-0.06,0.91
1553,5.678,0.91,0.05,0.91
893,4.015,0.83,-0.01,0.91
775,4.59,0.74,-0.06,0.91
1298,5.24,0.85,-0.04,0.91
1544,6.235,0.92,-0.17,0.91
280,4.35,0.72,-0.03,0.91
1513,4.134,0.81,0.01,0.91
974,5.188,0.73,0.01,0.91
1272,4.76,0.82,0.07,0.91
980,5.154,0.78,-0.07,0.91
242,5.097,0.94,-0.15,0.91
1202,4.35,0.78,0.09,0.91
751,5.472,0.78,0.19,0.91
897,4.547,0.83,0.07,0.91
722,5.936,0.94,-0.24,0.91
34,5.589,0.72,0.06,0.91
1741,6.192,0.92,0.01,0.91
717,4.914,0.88,-0.11,0.91
1503,5.113,0.78,0.07,0.91
1340,6.128,0.95,-0.05,0.91
1581,4.947,0.89,-0.01,0.91
1744,4.876,0.71,-0.2,0.91
630,3.86,0.65,0,0.91
825,5.848,0.91,-0.06,0.91
1280,5.503,0.74,0.1,0.91
204,5.887,0.84,0.12,0.91
894,4.27,0.79,0.1,0.91
392,4.497,0.83,0.01,0.91
1271,4.98,0.72,0.07,0.91
506,3.559,0.68,-0.14,0.91
1450,5.996,0.92,-0.17,0.91
1722,6.202,0.87,0.32,0.91
1540,6.139,0.92,-0.13,0.91
24,4.995,0.69,-0.1,0.91
1539,5.937,0.91,-0.05,0.91
713,4.895,0.9,-0.13,0.91
986,3.512,0.79,-0.13,0.91
748,4.947,0.77,0.35,0.92
1421,6.095,0.88,-0.23,0.92
1341,6.894,0.94,0.08,0.92
1402,5.746,0.91,-0.14,0.92
1608,6.15,0.93,-0.1,0.92
443,6.698,0.89,-0.16,0.92
206,5.516,0.9,0.14,0.92
1924,5.26,0.78,-0.1,0.92
1542,5.993,0.95,-0.06,0.92
1717,6.217,0.9,0.54,0.92
941,4.857,0.91,0.06,0.92
1635,4.867,0.84,-0.07,0.92
1737,5.832,0.89,0.14,0.92
1065,4.115,0.75,-0.01,0.92
417,5.381,0.65,0.13,0.92
1139,4.609,0.88,0.06,0.92
1552,5.975,0.93,0.04,0.92
895,4.256,0.81,0.02,0.92
1486,4.335,0.81,-0.04,0.92
1727,5.885,0.87,0.27,0.92
1269,4.89,0.72,0.14,0.92
1721,6.985,0.93,0.55,0.92
1292,4.64,0.8,-0.08,0.92
824,6.027,0.9,-0.06,0.92
61,4.453,0.74,-0.22,0.92
1543,6.366,0.91,-0.05,0.92
976,4.983,0.71,0,0.92
820,6.354,0.87,-0.06,0.92
1439,6.151,0.82,-0.22,0.92
63,4.325,0.71,-0.17,0.92
1418,5.447,0.9,-0.23,0.92
817,6.574,0.91,0.11,0.92
1299,5.015,0.81,0.02,0.92
933,4.737,0.79,-0.1,0.92
896,4.405,0.85,0.02,0.92
804,7.353,0.94,0.17,0.92
1718,6.664,0.88,0.4,0.92
203,5.09,0.78,0.09,0.92
12,2.375,0.42,-0.11,0.92
415,6.028,0.78,-0.24,0.92
956,4.667,0.84,-0.17,0.92
1443,5.619,0.88,-0.31,0.92
1011,5.711,0.93,-0.25,0.92
720,5.449,0.9,-0.19,0.92
197,4.995,0.73,-0.03,0.92
1132,5.917,0.8,-0.11,0.92
1512,2.997,0.59,0.15,0.92
1127,5.554,0.86,-0.1,0.93
1397,5.886,0.91,-0.05,0.93
421,5.536,0.91,-0.15,0.93
1720,6.231,0.93,0.46,0.93
282,4.741,0.73,-0.02,0.93
1451,5.855,0.91,-0.18,0.93
1438,6.09,0.81,-0.16,0.93
1126,5.503,0.87,-0.06,0.93
935,4.996,0.89,-0.07,0.93
1545,6.243,0.93,-0.13,0.93
440,6.25,0.93,-0.04,0.93
1124,5.102,0.81,-0.16,0.93
1275,4.933,0.81,-0.04,0.93
194,4.9,0.77,0.01,0.93
957,5.145,0.86,-0.2,0.93
1135,5.326,0.83,-0.05,0.93
971,4.595,0.72,0.03,0.93
1802,4.297,0.88,0.08,0.93
1541,6.162,0.94,-0.13,0.93
1141,4.586,0.9,0.1,0.93
11,2.694,0.51,-0.09,0.93
1144,4.913,0.93,0.14,0.93
439,6.5,0.9,-0.06,0.93
1136,5.682,0.89,-0.08,0.93
932,4.698,0.83,-0.09,0.93
1796,5.172,0.86,-0.26,0.93
1128,5.59,0.85,-0.09,0.93
1794,4.804,0.85,-0.26,0.93
1125,4.775,0.8,-0.19,0.93
1355,5.272,0.86,0.13,0.93
1700,4.385,0.77,0.26,0.93
644,4.756,0.83,-0.29,0.93
716,4.683,0.91,-0.14,0.93
1368,5.214,0.76,-0.08,0.93
842,5.709,0.86,-0.02,0.93
1938,4.056,0.81,-0.08,0.93
1142,5.031,0.95,0.15,0.93
317,3.639,0.65,0.02,0.93
945,6.25,0.9,0.1,0.93
422,5.626,0.94,-0.14,0.93
1729,2.808,0.29,-0.05,0.93
1143,4.885,0.92,0.11,0.93
936,4.921,0.89,-0.15,0.93
1799,5.083,0.86,-0.23,0.93
1411,5.717,0.89,-0.22,0.93
196,4.669,0.77,-0.13,0.93
1715,5.636,0.83,0.43,0.93
821,6.057,0.91,-0.02,0.93
1442,5.223,0.88,-0.28,0.93
1448,5.537,0.88,-0.29,0.93
959,4.967,0.84,0,0.93
411,5.821,0.91,-0.09,0.93
1203,3.809,0.74,-0.01,0.93
1713,5.885,0.89,0.33,0.93
1441,4.964,0.89,-0.31,0.94
1446,5.389,0.88,-0.28,0.94
241,4.838,0.93,-0.17,0.94
416,5.885,0.75,-0.2,0.94
1009,5.596,0.91,-0.24,0.94
1445,5.385,0.91,-0.3,0.94
1805,4.311,0.86,0,0.94
972,5.206,0.74,0.07,0.94
955,4.71,0.88,-0.23,0.94
1801,4.711,0.9,-0.22,0.94
1447,5.621,0.9,-0.29,0.94
237,4.222,0.84,-0.17,0.94
977,5.233,0.76,-0.01,0.94
715,4.918,0.89,-0.09,0.94
1131,5.756,0.8,-0.07,0.94
235,3.912,0.84,-0.14,0.94
1417,5.081,0.87,-0.16,0.94
1416,5.127,0.86,-0.13,0.94
641,5.372,0.85,-0.32,0.94
240,4.865,0.91,-0.2,0.94
643,4.72,0.69,-0.27,0.94
1138,5.812,0.87,-0.06,0.94
958,4.669,0.81,-0.18,0.94
823,6.009,0.92,-0.1,0.94
244,5.108,0.95,-0.11,0.94
1806,4.662,0.9,-0.07,0.94
1133,6.017,0.84,-0.09,0.94
316,4.632,0.57,0.06,0.94
281,4.292,0.7,-0.07,0.95
631,3.986,0.69,-0.04,0.95
818,6.78,0.88,0.05,0.95
1808,5.27,0.88,0.13,0.95
1535,5.265,0.95,-0.05,0.95
757,5.043,0.81,0.47,0.95
840,6.208,0.91,0,0.95
1415,5.158,0.87,-0.12,0.95
1936,3.28,0.83,-0.08,0.95
1740,6.168,0.88,0.13,0.95
1412,5.095,0.86,-0.11,0.95
1922,3.998,0.69,-0.07,0.95
236,3.875,0.86,-0.23,0.95
1429,5.394,0.74,-0.19,0.95
1437,5.969,0.81,-0.12,0.95
973,5.032,0.72,0.07,0.95
1012,5.866,0.94,-0.27,0.95
1201,4.917,0.81,0.04,0.95
441,6.331,0.91,-0.11,0.95
1501,5.155,0.82,-0.13,0.95
1434,5.082,0.78,-0.13,0.95
243,5.099,0.92,-0.18,0.95
1803,3.965,0.91,-0.03,0.95
198,4.773,0.78,-0.01,0.95
1444,5.158,0.91,-0.28,0.95
1798,5.058,0.88,-0.19,0.95
752,5.457,0.82,0.45,0.95
640,5.84,0.87,-0.3,0.95
1440,6.13,0.84,-0.22,0.95
10,2.662,0.49,-0.12,0.95
239,4.438,0.89,-0.05,0.95
1130,5.996,0.83,-0.05,0.96
1010,6.126,0.91,-0.26,0.96
1129,5.792,0.87,-0.08,0.96
442,6.334,0.91,-0.15,0.96
1008,5.771,0.92,-0.27,0.96
202,5.181,0.81,0.13,0.96
412,5.433,0.86,-0.27,0.96
1435,5.727,0.75,-0.1,0.96
195,4.963,0.74,-0.03,0.96
639,6.039,0.79,-0.29,0.96
1738,6.696,0.86,0.09,0.96
642,5.096,0.81,-0.3,0.96
1414,4.994,0.87,-0.1,0.96
1433,5.167,0.74,-0.11,0.96
201,5.117,0.66,-0.05,0.96
749,5.101,0.7,0.31,0.96
1004,5.554,0.91,-0.26,0.96
423,6.508,0.92,-0.06,0.96
1498,4.38,0.77,-0.18,0.96
314,3.435,0.72,0.03,0.96
754,5.368,0.83,0.35,0.96
1436,5.777,0.79,-0.14,0.96
1140,4.493,0.92,0.07,0.96
1413,5.22,0.86,-0.17,0.96
238,3.993,0.83,-0.19,0.96
1006,5.066,0.88,-0.27,0.96
1797,5.166,0.85,-0.24,0.96
753,5.173,0.82,0.44,0.96
205,6.016,0.87,0.08,0.96
1007,5.432,0.91,-0.15,0.96
1937,3.174,0.84,-0.09,0.96
1432,5.023,0.75,-0.14,0.96
267,4.111,0.82,0.15,0.96
1499,4.461,0.73,-0.17,0.97
1003,5.808,0.94,-0.28,0.97
1430,5.368,0.81,-0.2,0.97
1002,5.954,0.93,-0.3,0.97
1795,5.252,0.82,-0.24,0.97
750,4.815,0.68,0.16,0.97
1134,5.578,0.84,-0.05,0.97
199,5.124,0.77,0.04,0.97
756,5.597,0.9,0.41,0.97
755,5.292,0.79,0.38,0.97
413,5.596,0.8,-0.24,0.97
1431,4.909,0.69,-0.08,0.97
234,3.844,0.83,-0.14,0.98
200,5.249,0.79,0.23,0.98
414,5.385,0.79,-0.2,0.98
1500,4.815,0.77,-0.18,0.98
1005,5.467,0.93,-0.3,0.98
714,4.725,0.9,-0.15,0.98
